t_s,t_dimless,p_center_norm,p_mean_norm,p_1d_norm
0.0001,0.0001,1.003225043981968,0.991918302633999,0.987998151474834
0.00010089023060509945,0.00010089023060509945,1.003239822123511,0.9918823425471758,0.9879571362422739
0.00010178838631550134,0.00010178838631550134,1.0032546465454648,0.9918462211165409,0.987915841591363
0.00010269453768291878,0.00010269453768291878,1.0032695181928033,0.991809937654567,0.9878742661950682
0.0001036087558871374,0.0001036087558871374,1.0032844379965398,0.9917734914692731,0.9878324087273058
0.00010453111274160748,0.00010453111274160748,1.003299406873714,0.9917368818642351,0.9877902678630293
0.00010546168069908416,0.00010546168069908416,1.0033144257273747,0.9917001081385979,0.9877478422783089
0.00010640053285731965,0.00010640053285731965,1.0033294954466103,0.9916631695870873,0.9877051306504147
0.0001073477429648043,0.0001073477429648043,1.003344616906569,0.9916260655000197,0.9876621316578974
0.00010830338542656047,0.00010830338542656047,1.0033597909685132,0.9915887951633158,0.9876188439806683
0.00010926753530998641,0.00010926753530998641,1.003375018479878,0.9915513578585096,0.9875752663000845
0.00011024026835075374,0.00011024026835075374,1.0033903002743578,0.9915137528627609,0.9875313972990214
0.0001112216609587558,0.0001112216609587558,1.0034056371719908,0.9914759794488666,0.9874872356619588
0.00011221179022411058,0.00011221179022411058,1.003421029979278,0.9914380368852709,0.9874427800750565
0.0001132107339232156,0.0001132107339232156,1.0034364794892958,0.9913999244360757,0.9873980292262305
0.00011421857052485765,0.00011421857052485765,1.0034519864818403,0.9913616413610526,0.9873529818052329
0.00011523537919637702,0.00011523537919637702,1.0034675517235754,0.991323186915651,0.9873076365037268
0.00011626123980988545,0.00011626123980988545,1.0034831759681897,0.9912845603510096,0.9872619920153606
0.00011729623294854111,0.00011729623294854111,1.0034988599565753,0.9912457609139655,0.987216047035845
0.00011834043991287763,0.00011834043991287763,1.0035146044170082,0.9912067878470635,0.9871698002630233
0.0001193939427271914,0.0001193939427271914,1.0035304100653502,0.9911676403885651,0.9871232503969443
0.00012045682414598362,0.00012045682414598362,1.0035462776052462,0.9911283177724569,0.987076396139936
0.00012152916766046199,0.00012152916766046199,1.0035622077283441,0.9910888192284588,0.9870292361966724
0.00012261105750509791,0.00012261105750509791,1.0035782011145211,0.9910491439820321,0.9869817692742432
0.00012370257866424437,0.00012370257866424437,1.0035942584321138,0.9910092912543863,0.986933994082221
0.00012480381687881057,0.00012480381687881057,1.0036103803381489,0.9909692602624866,0.9868859093327296
0.000125914858652998,0.000125914858652998,1.0036265674786093,0.9909290502190587,0.9868375137405047
0.00012703579126109468,0.00012703579126109468,1.003642820488672,0.9908886603325976,0.9867888060229614
0.00012816670275433108,0.00012816670275433108,1.003659139992971,0.99084808980737,0.9867397849002528
0.00012930768196779696,0.00012930768196779696,1.0036755266058697,0.9908073378434208,0.9866904490953311
0.0001304588185274188,0.0001304588185274188,1.003691980931718,0.9907664036365773,0.9866407973340076
0.00013162020285700102,0.00013162020285700102,1.0037085035651332,0.9907252863784527,0.9865908283450069
0.0001327919261853279,0.0001327919261853279,1.0037250950912808,0.9906839852564494,0.9865405408600237
0.00013397408055333074,0.00013397408055333074,1.0037417560861406,0.9906424994537619,0.9864899336137775
0.00013516675882131694,0.00013516675882131694,1.003758487116805,0.9906008281493791,0.9864390053440595
0.00013637005467626525,0.00013637005467626525,1.0037752887417524,0.9905589705180855,0.9863877547917885
0.00013758406263918407,0.00013758406263918407,1.0037921615111365,0.9905169257304622,0.9863361807010517
0.00013880887807253726,0.00013880887807253726,1.0038091059670706,0.9904746929528879,0.9862842818191564
0.00014004459718773403,0.00014004459718773403,1.0038261226439198,0.9904322713475382,0.9862320568966676
0.00014129131705268748,0.00014129131705268748,1.0038432120685779,0.9903896600723852,0.9861795046874552
0.00014254913559943859,0.00014254913559943859,1.0038603747607628,0.9903468582811957,0.9861266239487273
0.00014381815163184934,0.00014381815163184934,1.0038776112332926,0.9903038651235304,0.9860734134410711
0.0001450984648333644,0.0001450984648333644,1.0038949219923776,0.9902606797447397,0.9860198719284852
0.0001463901757748403,0.0001463901757748403,1.0039123075378908,0.9902173012859625,0.9859659981784126
0.0001476933859224468,0.0001476933859224468,1.003929768363657,0.9901737288841209,0.9859117909617694
0.0001490081976456359,0.0001490081976456359,1.0039473049577206,0.9901299616719172,0.9858572490529722
0.0001503347142251844,0.0001503347142251844,1.0039649178026218,0.9900859987778285,0.9858023712299624
0.00015167303986130565,0.00015167303986130565,1.0039826073756697,0.9900418393261012,0.9857471562742292
0.00015302327968183568,0.00015302327968183568,1.0040003741492025,0.9899974824367459,0.9856916029708257
0.00015438553975049012,0.00015438553975049012,1.0040182185908482,0.9899529272255299,0.985635710108389
0.00015575992707519696,0.00015575992707519696,1.0040361411637901,0.9899081728039703,0.9855794764791503
0.00015714654961650093,0.00015714654961650093,1.0040541423270106,0.9898632182793269,0.9855229008789491
0.00015854551629604463,0.00015854551629604463,1.0040722225355427,0.989818062754594,0.9854659821072367
0.00015995693700512496,0.00015995693700512496,1.004090382240716,0.9897727053284913,0.9854087189670849
0.00016138092261332404,0.00016138092261332404,1.0041086218903894,0.989727145095455,0.9853511102651851
0.0001628175849772197,0.0001628175849772197,1.004126941929188,0.989681381145628,0.9852931548118494
0.00016426703694917053,0.00016426703694917053,1.004145342798724,0.9896354125648497,0.9852348514210035
0.00016572939238618207,0.00016572939238618207,1.0041638249378264,0.9895892384346451,0.9851761989101803
0.00016720476615884904,0.00016720476615884904,1.0041823887827543,0.9895428578322139,0.9851171961005099
0.00016869327416038006,0.00016869327416038006,1.004201034767394,0.9894962698304188,0.9850578418167029
0.0001701950333156999,0.0001701950333156999,1.0042197633234833,0.9894494734977733,0.9849981348870371
0.00017171016159063548,0.00017171016159063548,1.004238574880796,0.9894024678984288,0.984938074143331
0.00017323877800118082,0.00017323877800118082,1.004257469867336,0.9893552520921619,0.9848776584209252
0.00017478100262284762,0.00017478100262284762,1.0042764487095275,0.9893078251343608,0.9848168865586503
0.0001763369566000957,0.0001763369566000957,1.0042955118323873,0.9892601860760112,0.984755757398798
0.00017790676215585067,0.00017790676215585067,1.0043146596597057,0.9892123339636822,0.9846942697870851
0.00017949054260110354,0.00017949054260110354,1.004333892614209,0.9891642678395121,0.9846324225726165
0.00018108842234459743,0.00018108842234459743,1.0043532111177234,0.9891159867411918,0.9845702146078418
0.00018270052690260078,0.00018270052690260078,1.0043726155913364,0.9890674897019505,0.9845076447485086
0.00018432698290876548,0.00018432698290876548,1.0043921064555352,0.9890187757505396,0.9844447118536183
0.00018596791812407573,0.00018596791812407573,1.0044116841303588,0.9889698439112161,0.9843814147853645
0.00018762346144688232,0.00018762346144688232,1.0044313490355354,0.9889206932037264,0.9843177524090846
0.00018929374292302943,0.00018929374292302943,1.0044511015906161,0.9888713226432894,0.9842537235931931
0.0001909788937560683,0.0001909788937560683,1.0044709422151015,0.9888217312405779,0.9841893272091214
0.00019267904631756517,0.00019267904631756517,1.004490871328559,0.9887719180017032,0.9841245621312467
0.00019439433415749768,0.00019439433415749768,1.0045108893507515,0.9887218819281955,0.9840594272368188
0.000196124892014747,0.000196124892014747,1.0045309967017355,0.9886716220169864,0.983993921405889
0.0001978708558276805,0.0001978708558276805,1.0045511938019762,0.9886211372603899,0.9839280435212254
0.00019963236274483053,0.00019963236274483053,1.0045714810724482,0.9885704266460843,0.9838617924682304
0.00020140955113566813,0.00020140955113566813,1.0045918589347285,0.988519489157092,0.9837951671348545
0.00020320256060147107,0.00020320256060147107,1.0046123278110974,0.9884683237717615,0.9837281664115024
0.0002050115319862911,0.0002050115319862911,1.0046328881246138,0.9884169294637467,0.9836607891909384
0.00020683660738801609,0.00020683660738801609,1.0046535402992147,0.9883653052019876,0.9835930343681873
0.00020867793016953357,0.00020867793016953357,1.004674284759779,0.9883134499506895,0.9835249008404303
0.00021053564496999059,0.00021053564496999059,1.0046951219322156,0.9882613626693035,0.9834563875068961
0.00021240989771615696,0.00021240989771615696,1.004716052243527,0.9882090423125056,0.9833874932687526
0.0002143008356338864,0.0002143008356338864,1.004737076121883,0.9881564878301753,0.9833182170289892
0.0002162086072596831,0.0002162086072596831,1.004758193996681,0.9881036981673755,0.9832485576922972
0.00021813336245236805,0.00021813336245236805,1.004779406298609,0.9880506722643304,0.9831785141649495
0.0002200752524048513,0.0002200752524048513,1.0048007134597094,0.9879974090564044,0.9831080853546704
0.00022203442965600893,0.00022203442965600893,1.0048221159134183,0.9879439074740803,0.9830372701705062
0.0002240110481026647,0.0002240110481026647,1.0048436140946366,0.9878901664429381,0.9829660675226896
0.00022600526301167867,0.00022600526301167867,1.0048652084397642,0.9878361848836316,0.9828944763225012
0.0002280172310321439,0.0002280172310321439,1.0048868993867532,0.987781961711867,0.9828224954821281
0.00023004711020769233,0.00023004711020769233,1.0049086873751567,0.9877274958383808,0.9827501239145167
0.0002320950599889078,0.0002320950599889078,1.0049305728461586,0.9876727861689163,0.9826773605332216
0.000234161241245853,0.000234161241245853,1.0049525562426191,0.9876178316042015,0.982604204252255
0.00023624581628070408,0.00023624581628070408,1.0049746380091185,0.9875626310399255,0.9825306539859262
0.0002383489488405019,0.0002383489488405019,1.0049968185919782,0.9875071833667161,0.9824567086486825
0.0002404708041300126,0.0002404708041300126,1.0050190984393095,0.9874514874701157,0.9823823671549435
0.00024261154882470674,0.00024261154882470674,1.0050414780010313,0.9873955422305587,0.9823076284189342
0.0002447713510838498,0.0002447713510838498,1.0050639577289138,0.9873393465233473,0.9822324913545131
0.00024695038056371364,0.00024695038056371364,1.0050865380765919,0.9872828992186273,0.982156954874996
0.00024914880843090136,0.00024914880843090136,1.0051092194996085,0.9872261991813654,0.9820810178929807
0.0002513668073757936,0.0002513668073757936,1.0051320024554253,0.9871692452713241,0.9820046793201621
0.00025360455162611425,0.00025360455162611425,1.0051548874034568,0.987112036343038,0.9819279380671477
0.0002558622169606149,0.0002558622169606149,1.0051778748050912,0.9870545712457884,0.981850793043274
0.0002581399807228842,0.0002581399807228842,1.0052009651237086,0.9869968488235803,0.98177324315641
0.00026043802183527685,0.00026043802183527685,1.0052241588247104,0.986938867915117,0.981695287312766
0.00026275652081297006,0.00026275652081297006,1.0052474563755325,0.9868806273537744,0.9816169244166967
0.0002650956597781413,0.0002650956597781413,1.0052708582456646,0.9868221259675776,0.9815381533705013
0.00026745562247427665,0.00026745562247427665,1.0052943649066743,0.9867633625791746,0.9814589730742197
0.00026983659428060164,0.00026983659428060164,1.0053179768322202,0.9867043360058116,0.9813793824254293
0.0002722387622266455,0.0002722387622266455,1.005341694498071,0.9866450450593078,0.9812993803190365
0.00027466231500693103,0.00027466231500693103,1.0053655183821235,0.9865854885460286,0.9812189656470656
0.0002771074429957971,0.0002771074429957971,1.005389448964413,0.9865256652668617,0.9811381372984488
0.0002795743382623539,0.0002795743382623539,1.0054134867271414,0.9864655740171898,0.9810568941588087
0.0002820631945855696,0.0002820631945855696,1.005437632154671,0.9864052135868658,0.9809752351102435
0.00028457420746949157,0.00028457420746949157,1.005461885733564,0.9863445827601859,0.9808931590311072
0.00028710757415860384,0.00028710757415860384,1.0054862479525786,0.9862836803158633,0.9808106647957878
0.00028966349365332233,0.00028966349365332233,1.0055107193026909,0.9862225050270027,0.9807277512744871
0.0002922421667256242,0.0002922421667256242,1.005535300277107,0.9861610556610728,0.9806444173329927
0.00029484379593482145,0.00029484379593482145,1.0055599913712754,0.98609933097988,0.980560661832457
0.00029746858564346987,0.00029746858564346987,1.0055847930829047,0.9860373297395422,0.9804764836291647
0.00030011674203342446,0.00030011674203342446,1.0056097059119704,0.9859750506904608,0.9803918815743075
0.00030278847312203305,0.00030278847312203305,1.00563473036073,0.9859124925772943,0.9803068545137527
0.0003054839887784787,0.0003054839887784787,1.0056598669337362,0.9858496541389312,0.9802214012878121
0.00030820350074026295,0.00030820350074026295,1.0056851161378535,0.9857865341084622,0.9801355207310118
0.00031094722262984067,0.00031094722262984067,1.0057104784822617,0.9857231312131525,0.9800492116718572
0.0003137153699713982,0.0003137153699713982,1.0057359544784727,0.9856594441744156,0.9799624729326002
0.0003165081602077842,0.0003165081602077842,1.005761544640347,0.9855954717077837,0.9798753033290062
0.0003193258127175908,0.0003193258127175908,1.0057872494840987,0.9855312125228809,0.9797877016701187
0.0003221685488323853,0.0003221685488323853,1.0058130695283103,0.9854666653233946,0.9796996667580253
0.0003250365918540959,0.0003250365918540959,1.0058390052939503,0.9854018288070475,0.9796111973876219
0.00032793016707255294,0.00032793016707255294,1.005865057304369,0.98533670166557,0.9795222923463796
0.00033084950178318654,0.00033084950178318654,1.0058912260853339,0.9852712825846698,0.9794329504141095
0.0003337948253048791,0.0003337948253048791,1.0059175121650203,0.9852055702440058,0.9793431703627267
0.0003367663689979814,0.0003367663689979814,1.0059439160740378,0.985139563317157,0.9792529509560198
0.0003397643662824832,0.0003397643662824832,1.0059704383454329,0.9850732604715947,0.9791622909494146
0.000342789052656352,0.000342789052656352,1.0059970795147046,0.9850066603686537,0.979071189089743
0.00034584066571402935,0.00034584066571402935,1.006023840119821,0.9849397616635025,0.9789796441150121
0.00034891944516509494,0.00034891944516509494,1.006050720701221,0.984872563005114,0.9788876547541723
0.0003520256328530974,0.0003520256328530974,1.0060777218018369,0.9848050630362364,0.9787952197268883
0.0003551594727745507,0.0003551594727745507,1.0061048439670965,0.9847372603933625,0.978702337743312
0.00035832121109809955,0.00035832121109809955,1.0061320877449473,0.9846691537067018,0.9786090075038548
0.00036151109618385744,0.00036151109618385744,1.0061594536858522,0.9846007416001479,0.9785152276989628
0.00036472937860291665,0.00036472937860291665,1.0061869423428214,0.9845320226912512,0.9784209970088935
0.0003679763111570284,0.0003679763111570284,1.0062145542714052,0.9844629955911861,0.978326314103496
0.0003712521488984643,0.0003712521488984643,1.0062422900297248,0.9843936589047226,0.9782311776419891
0.0003745571491500474,0.0003745571491500474,1.0062701501784674,0.9843240112301946,0.9781355862727467
0.00037789157152536907,0.00037789157152536907,1.0062981352809075,0.9842540511594692,0.9780395386330807
0.00038125567794917916,0.00038125567794917916,1.0063262459029225,0.9841837772779162,0.9779430333490305
0.00038464973267796174,0.00038464973267796174,1.006354482612996,0.9841131881643768,0.9778460690351528
0.00038807400232069374,0.00038807400232069374,1.0063828459822401,0.9840422823911326,0.9777486442943134
0.00039152875585978685,0.00039152875585978685,1.0064113365843972,0.9839710585238736,0.977650757717484
0.0003950142646722158,0.0003950142646722158,1.006439954995864,0.9838995151216678,0.9775524078835413
0.0003985308025508359,0.0003985308025508359,1.0064687017956968,0.9838276507369288,0.9774535933590686
0.0004020786457258919,0.0004020786457258919,1.0064975775656233,0.9837554639153836,0.9773543126981586
0.00040565807288671276,0.00040565807288671276,1.0065265828900616,0.9836829531960418,0.9772545644422258
0.00040926936520360686,0.00040926936520360686,1.006555718356128,0.9836101171111618,0.9771543471198147
0.0004129128063499452,0.0004129128063499452,1.0065849845536552,0.9835369541862196,0.9770536592464173
0.0004165886825244474,0.0004165886825244474,1.0066143820751972,0.9834634629398762,0.9769524993242906
0.00042029728247366016,0.00042029728247366016,1.0066439115160493,0.9833896418839452,0.9768508658422812
0.00042403889751464193,0.00042403889751464193,1.0066735734742598,0.9833154895233582,0.9767487572756491
0.0004278138215578431,0.0004278138215578431,1.0067033685506397,0.9832410043561343,0.9766461720859027
0.00043162235113019653,0.00043162235113019653,1.0067332973487815,0.9831661848733453,0.9765431087206272
0.0004354647853984073,0.0004354647853984073,1.0067633604750672,0.9830910295590827,0.9764395656133293
0.0004393414261924541,0.0004393414261924541,1.0067935585386856,0.9830155368904245,0.9763355411832763
0.0004432525780292993,0.0004432525780292993,1.0068238921516455,0.9829397053374012,0.9762310338353457
0.0004471985481368084,0.0004471985481368084,1.006854361928785,0.9828635333629621,0.9761260419598747
0.00045117964647788263,0.00045117964647788263,1.006884968487791,0.982787019422941,0.9760205639325162
0.00045519618577480775,0.00045519618577480775,1.006915712449208,0.9827101619660225,0.9759145981141031
0.0004592484815338204,0.0004592484815338204,1.0069465944364555,0.9826329594337071,0.9758081428505077
0.00046333685206988845,0.00046333685206988845,1.0069776150758405,0.9825554102602768,0.9757011964725149
0.0004674616185317189,0.0004674616185317189,1.00700877499657,0.982477512872761,0.9755937572956952
0.000471623104926981,0.000471623104926981,1.0070400748307666,0.9823992656909,0.9754858236202844
0.0004758216381477613,0.0004758216381477613,1.00707151521348,0.9823206671271123,0.9753773937310659
0.00048005754799623816,0.00048005754799623816,1.0071030967827108,0.9822417155864561,0.9752684658972604
0.00048433116721059016,0.00048433116721059016,1.0071348201794061,0.9821624094665977,0.9751590383724177
0.0004886428314911337,0.0004886428314911337,1.0071666860474933,0.9820827471577726,0.9750491093943167
0.0004929928795266923,0.0004929928795266923,1.0071986950338807,0.9820027270427507,0.9749386771848643
0.0004973816530211999,0.0004973816530211999,1.0072308477884813,0.9819223474968017,0.9748277399500059
0.0005018094967205436,0.0005018094967205436,1.0072631449642186,0.981841606887657,0.9747162958796379
0.0005062767584396453,0.0005062767584396453,1.00729558721705,0.9817605035754737,0.9746043431475229
0.00051078378908978,0.00051078378908978,1.0073281752059735,0.9816790359127991,0.9744918799112117
0.0005153309427061438,0.0005153309427061438,1.0073609095930485,0.981597202244533,0.9743789043119702
0.0005199185764756608,0.0005199185764756608,1.0073937910434057,0.9815150009078906,0.9742654144747113
0.0005245470507650445,0.0005245470507650445,1.0074268202252656,0.9814324302323658,0.9741514085079306
0.0005292167291491009,0.0005292167291491009,1.0074599978099545,0.9813494885396946,0.9740368845036449
0.0005339279784392924,0.0005339279784392924,1.0074933244719098,0.9812661741438157,0.9739218405373412
0.0005386811687125472,0.0005386811687125472,1.007526800888712,0.9811824853508346,0.9738062746679231
0.0005434766733403337,0.0005434766733403337,1.0075604277410821,0.9810984204589841,0.9736901849376671
0.0005483148690179857,0.0005483148690179857,1.0075942057129095,0.9810139777585881,0.9735735693721805
0.0005531961357942942,0.0005531961357942942,1.007628135491263,0.9809291555320216,0.9734564259803642
0.0005581208571013618,0.0005581208571013618,1.0076622177664014,0.9808439520536725,0.9733387527543825
0.0005630894197847214,0.0005630894197847214,1.0076964532317998,0.980758365589904,0.9732205476696304
0.000568102214133722,0.000568102214133722,1.0077308425841554,0.9806723943990141,0.9731018086847147
0.0005731596339121873,0.0005731596339121873,1.0077653865234086,0.980586036731198,0.9729825337414305
0.0005782620763893496,0.0005782620763893496,1.0078000857527525,0.9804992908285071,0.9728627207647464
0.0005834099423710505,0.0005834099423710505,1.0078349409786598,0.9804121549248113,0.9727423676627917
0.0005886036362312306,0.0005886036362312306,1.0078699529108863,0.9803246272457578,0.9726214723268496
0.0005938435659436885,0.0005938435659436885,1.0079051222624964,0.9802367060087323,0.9725000326313512
0.0005991301431141332,0.0005991301431141332,1.0079404497498705,0.9801483894228173,0.9723780464338753
0.0006044637830125113,0.0006044637830125113,1.0079759360927343,0.9800596756887542,0.9722555115751506
0.00060984490460563,0.00060984490460563,1.0080115820141573,0.9799705629989004,0.9721324258790619
0.0006152739305900682,0.0006152739305900682,1.008047388240584,0.979881049537189,0.9720087871526586
0.0006207512874253792,0.0006207512874253792,1.0080833555018438,0.9797911334790892,0.9718845931861678
0.0006262774053675887,0.0006262774053675887,1.0081194845311678,0.9797008129915632,0.9717598417530096
0.0006318527185029931,0.0006318527185029931,1.0081557760652053,0.9796100862330265,0.9716345306098162
0.0006374776647822596,0.0006374776647822596,1.008192230844044,0.9795189513533047,0.9715086574964492
0.0006431526860548239,0.0006431526860548239,1.0082288496112222,0.9794274064935928,0.9713822201360272
0.000648878228103603,0.000648878228103603,1.0082656331137458,0.9793354497864126,0.9712552162349525
0.0006546547406800076,0.0006546547406800076,1.008302582102108,0.9792430793555704,0.9711276434829345
0.0006604826775392754,0.0006604826775392754,1.0083396973303083,0.9791502933161148,0.9709994995530257
0.0006663624964761097,0.0006663624964761097,1.0083769795558613,0.9790570897742934,0.970870782101652
0.0006722946593606447,0.0006722946593606447,1.0084144295398219,0.9789634668275102,0.970741488768648
0.0006782796321747215,0.0006782796321747215,1.008452048046799,0.9788694225642829,0.9706116171772943
0.0006843178850484968,0.0006843178850484968,1.008489835844973,0.9787749550641979,0.9704811649343531
0.0006904098922973677,0.0006904098922973677,1.0085277937061135,0.9786800623978686,0.9703501296301128
0.0006965561324592323,0.0006965561324592323,1.0085659224056007,0.9785847426268903,0.9702185088384244
0.0007027570883320806,0.0007027570883320806,1.0086042227224346,0.978488993803796,0.9700863001167471
0.0007090132470119186,0.0007090132470119186,1.0086426954392618,0.978392813972013,0.9699535010061899
0.000715325099931028,0.000715325099931028,1.0086813413423847,0.9782962011658172,0.9698201090315589
0.0007216931428965715,0.0007216931428965715,1.0087201612217884,0.9781991534102893,0.9696861217013981
0.0007281178761295408,0.0007281178761295408,1.0087591558711544,0.9781016687212687,0.9695515365080406
0.0007345998043040453,0.0007345998043040453,1.0087983260878706,0.9780037451053091,0.9694163509276521
0.0007411394365869605,0.0007411394365869605,1.0088376726730672,0.9779053805596327,0.969280562420279
0.0007477372866779184,0.0007477372866779184,1.0088771964316219,0.977806573072084,0.9691441684298954
0.0007543938728496654,0.0007543938728496654,1.0089168981721783,0.9777073206210842,0.9690071663844508
0.0007611097179887681,0.0007611097179887681,1.0089567787071743,0.9776076211755851,0.9688695536959185
0.0007678853496366894,0.0007678853496366894,1.0089968388528465,0.9775074726950221,0.9687313277603418
0.0007747213000312293,0.0007747213000312293,1.0090370794292645,0.9774068731292676,0.9685924859578825
0.0007816181061483315,0.0007816181061483315,1.0090775012603364,0.9773058204185843,0.9684530256528656
0.0007885763097442627,0.0007885763097442627,1.0091181051738343,0.9772043124935774,0.9683129441938298
0.0007955964573981691,0.0007955964573981691,1.0091588920014132,0.9771023472751477,0.96817223891357
0.0008026791005550146,0.0008026791005550146,1.0091998625786271,0.9769999226744432,0.968030907129183
0.0008098247955688914,0.0008098247955688914,1.0092410177449536,0.9768970365928117,0.9678889461421132
0.0008170341037467296,0.0008170341037467296,1.0092823583438053,0.976793686921752,0.9677463532381972
0.0008243075913923821,0.0008243075913923821,1.009323885222559,0.9766898715428656,0.9676031256877029
0.0008316458298511152,0.0008316458298511152,1.009365599232563,0.976585588327808,0.967459260745374
0.0008390493955544831,0.0008390493955544831,1.0094075012291692,0.9764808351382396,0.9673147556504694
0.00084651887006561,0.00084651887006561,1.0094495920717463,0.9763756098257759,0.9671696076268029
0.0008540548401248753,0.0008540548401248753,1.0094918726236997,0.976269910231939,0.9670238138827786
0.000861657897696,0.000861657897696,1.0095343437524897,0.9761637341881066,0.9668773716114314
0.0008693286400125463,0.0008693286400125463,1.0095770063296592,0.9760570795154624,0.9667302779904587
0.0008770676696248319,0.0008770676696248319,1.0096198612308456,0.9759499440249457,0.966582530182253
0.0008848755944472637,0.0008848755944472637,1.0096629093358058,0.9758423255172013,0.9664341253339374
0.0008927530278060888,0.0008927530278060888,1.0097061515284322,0.9757342217825269,0.9662850605773907
0.0009007005884875706,0.0009007005884875706,1.0097495886967798,0.975625630600824,0.9661353330292797
0.0009087189007865968,0.0009087189007865968,1.009793221733081,0.9755165497415451,0.9659849397910828
0.0009168085945557223,0.0009168085945557223,1.009837051533769,0.9754069769636419,0.9658338779491155
0.0009249703052546385,0.0009249703052546385,1.0098810789994968,0.9752969100155142,0.9656821445745523
0.000933204674000097,0.000933204674000097,1.00992530503516,0.9751863466349564,0.9655297367234492
0.0009415123476162634,0.0009415123476162634,1.0099697305499185,0.9750752845491062,0.9653766514367599
0.0009498939786855336,0.0009498939786855336,1.010014356457211,0.9749637214743908,0.9652228857403536
0.000958350225599789,0.000958350225599789,1.01005918367479,0.9748516551164735,0.9650684366450282
0.0009668817526121169,0.0009668817526121169,1.0101042131247266,0.9747390831702014,0.9649133011465252
0.0009754892298889909,0.0009754892298889909,1.0101494457334455,0.9746260033195506,0.9647574762255384
0.0009841733335629115,0.0009841733335629115,1.01019488243174,0.9745124132375727,0.9646009588477219
0.000992934745785516,0.000992934745785516,1.010240524154791,0.9743983105863401,0.9644437459636965
0.001001774154781164,0.001001774154781164,1.010286371842198,0.9742836930168918,0.9642858345090541
0.0010106922549010012,0.0010106922549010012,1.0103324264379934,0.9741685581691778,0.9641272214043592
0.0010196897466774996,0.0010196897466774996,1.0103786888906683,0.9740529036720051,0.9639679035551482
0.0010287673368794836,0.0010287673368794836,1.0104251601531908,0.9739367271429811,0.9638078778519281
0.0010379257385676503,0.0010379257385676503,1.0104718411830338,0.9738200261884576,0.9636471411701694
0.001047165671150584,0.001047165671150584,1.0105187329421952,0.9737027984034762,0.9634856903703028
0.0010564878604412615,0.0010564878604412615,1.0105658363972156,0.9735850413717099,0.9633235222977076
0.0010658930387140687,0.0010658930387140687,1.0106131525192104,0.9734667526654076,0.9631606337827018
0.0010753819447623246,0.0010753819447623246,1.0106606822838824,0.9733479298453374,0.9629970216405286
0.0010849553239563126,0.0010849553239563126,1.0107084266715547,0.9732285704607273,0.9628326826713424
0.0010946139283018275,0.0010946139283018275,1.0107563866671863,0.9731086720492101,0.9626676136601897
0.0011043585164992504,0.0011043585164992504,1.0108045632603977,0.9729882321367633,0.9625018113769913
0.0011141898540031477,0.0011141898540031477,1.010852957445498,0.9728672482376524,0.9623352725765213
0.0011241087130823967,0.0011241087130823967,1.0109015702214983,0.9727457178543706,0.9621679939983827
0.0011341158728808457,0.0011341158728808457,1.010950402592148,0.9726236384775816,0.9619999723669834
0.0011442121194785205,0.0011442121194785205,1.0109994555659478,0.9725010075860591,0.9618312043915082
0.0011543982459533751,0.0011543982459533751,1.0110487301561821,0.9723778226466275,0.9616616867658906
0.0011646750524435833,0.0011646750524435833,1.011098227380936,0.9722540811141023,0.9614914161687809
0.0011750433462103928,0.0011750433462103928,1.0111479482631225,0.9721297804312297,0.9613203892635168
0.0011855039417015413,0.0011855039417015413,1.011197893830507,0.9720049180286257,0.9611486026980846
0.0011960576606152287,0.0011960576606152287,1.0112480651157334,0.9718794913247154,0.9609760531050859
0.0012067053319646617,0.0012067053319646617,1.0112984631563413,0.9717534977256721,0.9608027371016999
0.0012174477921431768,0.0012174477921431768,1.0113490889947996,0.9716269346253551,0.9606286512896426
0.0012282858849899415,0.0012282858849899415,1.0113999436785286,0.9714997994052481,0.9604537922551254
0.0012392204618562387,0.0012392204618562387,1.01145102825992,0.9713720894343973,0.9602781565688153
0.0012502523816723375,0.0012502523816723375,1.0115023437963666,0.9712438020693477,0.9601017407857888
0.001261382511014968,0.001261382511014968,1.011553891350289,0.9711149346540812,0.9599245414454843
0.0012726117241753938,0.0012726117241753938,1.0116056719891555,0.9709854845199529,0.9597465550716591
0.0012839409032280868,0.0012839409032280868,1.0116576867855125,0.9708554489856271,0.9595677781723366
0.0012953709381000136,0.0012953709381000136,1.0117099368170068,0.9707248253570144,0.959388207239761
0.0013069027266405422,0.0013069027266405422,1.011762423166414,0.9705936109272058,0.9592078387503405
0.0013185371746919756,0.0013185371746919756,1.0118151469216619,0.9704618029764088,0.9590266691646004
0.001330275196160697,0.001330275196160697,1.0118681091758572,0.9703293987718828,0.9588446949271243
0.001342117713088965,0.001342117713088965,1.0119213110273142,0.9701963955678723,0.9586619124665028
0.0013540656557273422,0.0013540656557273422,1.0119747535795793,0.970062790605543,0.9584783181952736
0.0013661199626077674,0.0013661199626077674,1.0120284379414537,0.969928581112913,0.9582939085098687
0.0013782815806172748,0.0013782815806172748,1.0120823652270277,0.969793764304789,0.9581086797905516
0.0013905514650723767,0.0013905514650723767,1.012136536555701,0.9696583373826977,0.9579226284013593
0.0014029305797941083,0.0014029305797941083,1.0121909530522133,0.9695222975348193,0.9577357506900429
0.0014154198971837344,0.0014154198971837344,1.0122456158466673,0.9693856419359185,0.9575480429880034
0.0014280203982991312,0.0014280203982991312,1.0123005260745632,0.9692483677472786,0.9573595016102314
0.0014407330729318516,0.0014407330729318516,1.0123556848768176,0.9691104721166315,0.9571701228552422
0.0014535589196848805,0.0014535589196848805,1.0124110933997985,0.9689719521780886,0.9569799030050112
0.0014664989460510683,0.0014664989460510683,1.012466752795344,0.9688328050520738,0.9567888383249102
0.001479554168492274,0.001479554168492274,1.0125226642208018,0.9686930278452511,0.956596925063638
0.0014927256125192153,0.0014927256125192153,1.012578828839048,0.9685526176504565,0.9564041594531574
0.0015060143127720196,0.0015060143127720196,1.0126352478185165,0.9684115715466268,0.9562105377086237
0.0015194213131014941,0.0015194213131014941,1.012691922333234,0.9682698865987298,0.9560160560283192
0.0015329476666511258,0.0015329476666511258,1.0127488535628368,0.9681275598576915,0.9558207105935794
0.0015465944359398104,0.0015465944359398104,1.0128060426926124,0.9679845883603262,0.9556244975687282
0.0015603626929453116,0.0015603626929453116,1.0128634909135188,0.9678409691292639,0.9554274131010042
0.0015742535191884646,0.0015742535191884646,1.0129211994222167,0.9676966991728775,0.9552294533204891
0.0015882680058181338,0.0015882680058181338,1.012979169421099,0.9675517754852103,0.9550306143400354
0.001602407253696928,0.001602407253696928,1.0130374021183204,0.9674061950459034,0.9548308922551959
0.001616672373487673,0.001616672373487673,1.0130958987278242,0.9672599548201212,0.9546302831441474
0.0016310644857406463,0.0016310644857406463,1.0131546604693757,0.9671130517584782,0.9544287830676181
0.0016455847209816156,0.0016455847209816156,1.0132136885685885,0.9669654827969635,0.9542263880688134
0.0016602342198006343,0.0016602342198006343,1.0132729842569579,0.9668172448568672,0.9540230941733392
0.0016750141329416335,0.0016750141329416335,1.0133325487718858,0.9666683348447043,0.9538188973891281
0.0016899256213928193,0.0016899256213928193,1.0133923833567207,0.966518749652139,0.9536137937063612
0.0017049698564778734,0.0017049698564778734,1.0134524892607728,0.9663684861559092,0.9534077790973934
0.0017201480199479594,0.0017201480199479594,1.0135128677393606,0.9662175412177489,0.9532008495166736
0.0017354613040745483,0.0017354613040745483,1.0135735200538325,0.9660659116843124,0.9529930009006687
0.001750910911743076,0.001750910911743076,1.0136344474716,0.9659135943870957,0.952784229167784
0.0017664980565474367,0.0017664980565474367,1.013695651266167,0.9657605861423592,0.9525745302182873
0.001782223962885309,0.001782223962885309,1.0137571327171662,0.9656068837510495,0.9523638999342242
0.00179808986605433,0.00179808986605433,1.0138188931103855,0.9654524839987207,0.9521523341793445
0.0018140970123491354,0.0018140970123491354,1.0138809337378025,0.9652973836554543,0.9519398287990163
0.0018302466591592621,0.0018302466591592621,1.0139432558976136,0.9651415794757799,0.9517263796201502
0.0018465400750679079,0.0018465400750679079,1.014005860894269,0.9649850681985963,0.9515119824511146
0.0018629785399515866,0.0018629785399515866,1.014068750038505,0.964827846547089,0.9512966330816552
0.0018795633450806686,0.0018795633450806686,1.0141319246473737,0.9646699112286501,0.9510803272828148
0.0018962957932208075,0.0018962957932208075,1.0141953860442787,0.9645112589347971,0.9508630608068476
0.0019131771987352724,0.0019131771987352724,1.0142591355590032,0.96435188634109,0.9506448293871392
0.001930208887688196,0.001930208887688196,1.0143231745277501,0.9641917901070496,0.9504256287381212
0.001947392197948744,0.001947392197948744,1.0143875042931678,0.9640309668760741,0.9502054545551883
0.0019647284792962023,0.0019647284792962023,1.014452126204391,0.963869413275356,0.9499843025146156
0.001982219093526002,0.001982219093526002,1.0145170416170664,0.9637071259157981,0.94976216827347
0.001999865414556693,0.001999865414556693,1.014582251893391,0.9635441013919286,0.9495390474695306
0.0020176688285378735,0.0020176688285378735,1.0146477584021463,0.9633803362818175,0.9493149357211992
0.0020356307339590715,0.0020356307339590715,1.014713562518733,0.9632158271469897,0.9490898286274151
0.002053752541759583,0.002053752541759583,1.014779665625202,0.9630505705323404,0.9488637217675719
0.002072035675439333,0.002072035675439333,1.0148460691102885,0.9628845629660477,0.9486366107014252
0.0020904815711706728,0.0020904815711706728,1.0149127743694548,0.9627178009594873,0.948408490969013
0.0021090916779111977,0.0021090916779111977,1.014979782804913,0.9625502810071427,0.9481793580905613
0.0021278674575175662,0.0021278674575175662,1.0150470958256723,0.9623819995865203,0.9479492075663998
0.002146810384860337,0.002146810384860337,1.0151147148475654,0.9622129531580582,0.947718034876874
0.002165921947939817,0.002165921947939817,1.015182641293287,0.9620431381650395,0.9474858354822538
0.002185203648002943,0.002185203648002943,1.0152508765924322,0.9618725510335016,0.9472526048226486
0.0022046569996612125,0.0022046569996612125,1.015319422181527,0.9617011881721469,0.9470183383179144
0.0022242835310096617,0.0022242835310096617,1.0153882795040723,0.9615290459722519,0.9467830313675634
0.0022440847837468963,0.0022440847837468963,1.0154574500105698,0.9613561208075769,0.9465466793506776
0.0022640623132961905,0.0022640623132961905,1.0155269351585694,0.9611824090342738,0.9463092776258146
0.0022842176889276734,0.0022842176889276734,1.0155967364126983,0.9610079069907943,0.9460708215309185
0.002304552493881603,0.002304552493881603,1.0156668552447017,0.9608326109977974,0.9458313063832272
0.002325068325492719,0.002325068325492719,1.0157372931334785,0.9606565173580565,0.9455907274791797
0.002345766795315726,0.002345766795315726,1.01580805156512,0.9604796223563653,0.9453490800943279
0.0023666495292518847,0.0023666495292518847,1.0158791320329472,0.9603019222594436,0.9451063594832376
0.002387718167676727,0.002387718167676727,1.0159505360375467,0.9601234133158428,0.9448625608794005
0.002408974365568905,0.002408974365568905,1.0160222650868123,0.9599440917558507,0.9446176794951382
0.002430419792640197,0.002430419792640197,1.0160943206959818,0.9597639537913955,0.944371710521509
0.002452056133466672,0.002452056133466672,1.0161667043876739,0.9595829956159483,0.9441246491282133
0.00247388508762101,0.00247388508762101,1.0162394176919298,0.9594012134044283,0.9438764904634978
0.0024959083698060038,0.0024959083698060038,1.0163124621462505,0.9592186033131033,0.9436272296540618
0.0025181277099892525,0.0025181277099892525,1.0163858392956375,0.9590351614794921,0.9433768618049607
0.0025405448535390667,0.0025405448535390667,1.0164595506926284,0.958850884022266,0.9431253819995103
0.0025631615613615506,0.0025631615613615506,1.0165335978973438,0.9586657670411498,0.9428727852991893
0.002585979610038933,0.002585979610038933,1.01660798247752,0.9584798066168203,0.9426190667435439
0.002609000791969128,0.002609000791969128,1.0166827060085522,0.9582929988108078,0.9423642213500879
0.0026322269155065244,0.0026322269155065244,1.0167577700735373,0.9581053396653937,0.9421082441142076
0.0026556598051040285,0.0026556598051040285,1.0168331762633103,0.9579168252035095,0.9418511300090628
0.0026793013014563857,0.0026793013014563857,1.016908926176487,0.9577274514286336,0.9415928739854863
0.0027031532616447755,0.0027031532616447755,1.0169850214195066,0.95753721432469,0.9413334709718866
0.002727217559282681,0.002727217559282681,1.0170614636066702,0.9573461098559426,0.9410729158741481
0.0027514960846630617,0.0027514960846630617,1.017138254360187,0.9571541339668929,0.9408112035755305
0.0027759907449068423,0.0027759907449068423,1.0172153953102099,0.956961282582174,0.9405483289365683
0.002800703464112728,0.002800703464112728,1.0172928880948826,0.9567675516064467,0.9402842867949709
0.00282563618350834,0.00282563618350834,1.0173707343603813,0.9565729369242912,0.9400190719655195
0.002850790861602695,0.002850790861602695,1.0174489357609549,0.9563774344001035,0.9397526792399671
0.0028761694743400573,0.0028761694743400573,1.0175274939589716,0.9561810398779845,0.9394851033869345
0.0029017740152551606,0.0029017740152551606,1.017606410624958,0.9559837491816353,0.9392163391518089
0.0029276064956297847,0.0029276064956297847,1.0176856874376454,0.9557855581142468,0.9389463812566411
0.0029536689446507574,0.0029536689446507574,1.0177653260840114,0.9555864624583912,0.938675224400039
0.0029799634095693532,0.0029799634095693532,1.017845328259329,0.9553864579759113,0.9384028632570668
0.0030064919558621043,0.0030064919558621043,1.0179256956672003,0.955185540407811,0.9381292924791399
0.0030332566673930417,0.0030332566673930417,1.018006430019615,0.9549837054741437,0.9378545066939168
0.003060259646577391,0.003060259646577391,1.0180875330369825,0.9547809488739001,0.9375785005051978
0.0030875030145467277,0.0030875030145467277,1.0181690064481843,0.9545772662848959,0.9373012684928159
0.0031149889113155907,0.0031149889113155907,1.018250851990617,0.9543726533636585,0.9370228052125331
0.003142719495949576,0.003142719495949576,1.018333071410238,0.9541671057453129,0.9367431051959303
0.003170696946734943,0.003170696946734943,1.01841566646161,0.9539606190434682,0.9364621629503022
0.0031989234613497308,0.0031989234613497308,1.0184986389079516,0.9537531888501002,0.9361799729585488
0.0032274012570363726,0.0032274012570363726,1.0185819905211777,0.9535448107354375,0.9358965296790674
0.003256132570775871,0.003256132570775871,1.01866572308195,0.9533354802478433,0.9356118275456429
0.003285119659463526,0.003285119659463526,1.018749838379723,0.9531251929136995,0.9353258609673398
0.003314364800086209,0.003314364800086209,1.0188343382127922,0.9529139442372866,0.9350386243283899
0.0033438702899012194,0.0033438702899012194,1.0189192243883387,0.9527017297006662,0.9347501119880863
0.003373638446616744,0.003373638446616744,1.0190044987224833,0.9524885447635619,0.934460318280668
0.0034036716085739244,0.0034036716085739244,1.0190901630403244,0.9522743848632376,0.9341692375152113
0.00343397213493053,0.00343397213493053,1.0191762191759959,0.9520592454143771,0.9338768639755178
0.003464542405846268,0.003464542405846268,1.0192626689727118,0.9518431218089625,0.9335831919200012
0.003495384822669757,0.003495384822669757,1.0193495142828177,0.9516260094161517,0.9332882155815763
0.0035265018081271603,0.0035265018081271603,1.0194367569678353,0.951407903582155,0.9329919291675433
0.0035578958065124932,0.0035578958065124932,1.0195243988985165,0.9511887996301109,0.9326943268594757
0.003589569283879617,0.003589569283879617,1.0196124419548902,0.9509686928599618,0.9323954028131062
0.0036215247282359586,0.0036215247282359586,1.0197008880263159,0.9507475785483279,0.9320951511582104
0.00365376464973796,0.00365376464973796,1.0197897390115318,0.9505254519483812,0.9317935659984937
0.0036862915808882316,0.0036862915808882316,1.0198789968187056,0.9503023082897186,0.9314906414114743
0.003719108076734499,0.003719108076734499,1.0199686633654863,0.9500781427782335,0.9311863714483659
0.0037522167150703107,0.0037522167150703107,1.0200587405790573,0.9498529505959878,0.9308807501339621
0.003785620096637524,0.003785620096637524,1.0201492303961825,0.949626726901082,0.9305737714665199
0.003819320845330586,0.003819320845330586,1.0202401347632684,0.9493994668275245,0.9302654294176393
0.003853321608402658,0.003853321608402658,1.0203314556364038,0.949171165485102,0.9299557179321484
0.0038876250566735643,0.0038876250566735643,1.020423194981426,0.9489418179592464,0.9296446309279804
0.003922233884739587,0.003922233884739587,1.0205153547739598,0.9487114193109021,0.929332162296058
0.0039571508111851195,0.0039571508111851195,1.020607936999485,0.9484799645763933,0.9290183059001708
0.003992378578796227,0.003992378578796227,1.02070094365338,0.9482474487672892,0.9287030555768555
0.004027919954776105,0.004027919954776105,1.0207943767409784,0.9480138668702686,0.9283864051352763
0.004063777730962429,0.004063777730962429,1.0208882382776268,0.9477792138469845,0.9280683483571002
0.004099954724046668,0.004099954724046668,1.0209825302887356,0.9475434846339266,0.9277488789963787
0.004136453775795348,0.004136453775795348,1.0210772548098355,0.9473066741422841,0.9274279907794215
0.00417327775327327,0.00417327775327327,1.021172413886632,0.9470687772578068,0.927105677404677
0.004210429549068715,0.004210429549068715,1.0212680095750635,0.9468297888406664,0.9267819325426047
0.004247912081520671,0.004247912081520671,1.0213640439413563,0.9465897037253149,0.9264567498355535
0.00428572829494808,0.00428572829494808,1.0214605190620782,0.9463485167203446,0.9261301228976364
0.004323881159881114,0.004323881159881114,1.0215574370242,0.9461062226083456,0.9258020453146046
0.0043623736732945045,0.0043623736732945045,1.0216547999251513,0.9458628161457625,0.9254725106437217
0.004401208858842969,0.004401208858842969,1.0217526098728742,0.9456182920627513,0.9251415124136376
0.004440389767098732,0.004440389767098732,1.0218508689858863,0.9453726450630344,0.9248090441242601
0.004479919475791154,0.004479919475791154,1.0219495793933373,0.9451258698237546,0.9244750992466292
0.004519801090048453,0.004519801090048453,1.0220487432350664,0.9448779609953285,0.9241396712227876
0.004560037742641678,0.004560037742641678,1.022148362661662,0.9446289132012999,0.9238027534656519
0.0046006325942307595,0.0046006325942307595,1.0222484398345217,0.9443787210381902,0.9234643393588837
0.004641588833612782,0.004641588833612782,1.022348976925911,0.94412737907535,0.9231244222567596
0.004682909677972477,0.004682909677972477,1.022449976119025,0.9438748818548081,0.9227829954840414
0.0047245983731349465,0.0047245983731349465,1.0225514396080468,0.9436212238911206,0.9224400523358425
0.0047666581938206245,0.0047666581938206245,1.0226533695982094,0.9433663996712187,0.9220955860774993
0.0048090924439024955,0.0048090924439024955,1.0227557683058595,0.9431104036542555,0.9217495899444371
0.004851904456665636,0.004851904456665636,1.0228586379585118,0.9428532302714512,0.921402057142038
0.0048950975950690515,0.0048950975950690515,1.022961980794921,0.9425948739259397,0.921052980845507
0.0049386752520098436,0.0049386752520098436,1.0230657990651368,0.9423353289926104,0.9207023541997378
0.004982640850589707,0.004982640850589707,1.0231700950305695,0.9420745898179524,0.92035017031918
0.005026997844383839,0.005026997844383839,1.0232748709640527,0.9418126507198963,0.9199964222877007
0.005071749717712233,0.005071749717712233,1.023380129149905,0.9415495059876542,0.9196411031584516
0.005116899985913352,0.005116899985913352,1.0234858718840012,0.941285149881561,0.9192842059537312
0.005162452195620277,0.005162452195620277,1.023592101473829,0.9410195766329118,0.918925723664848
0.0052084099250393106,0.0052084099250393106,1.0236988202385537,0.9407527804438008,0.9185656492519825
0.005254776784231048,0.005254776784231048,1.0238060305090917,0.9404847554869574,0.9182039756440494
0.005301556415393933,0.005301556415393933,1.0239137346281666,0.9402154959055823,0.9178406957385593
0.005348752493150377,0.005348752493150377,1.024021934950383,0.9399449958131821,0.9174758024014784
0.005396368724835416,0.005396368724835416,1.0241306338422875,0.9396732492934028,0.9171092884670875
0.005444408850787915,0.005444408850787915,1.024239833682438,0.9394002503998623,0.9167411467378436
0.0054928766446443724,0.0054928766446443724,1.0243495368614721,0.9391259931559824,0.9163713699842368
0.00554177591363535,0.00554177591363535,1.0244597457821736,0.9388504715548185,0.9159999509446489
0.005591110498884556,0.005591110498884556,1.0245704628595387,0.9385736795588893,0.9156268823252113
0.00564088427571056,0.00564088427571056,1.0246816905208502,0.9382956111000043,0.9152521567996597
0.005691101153931171,0.005691101153931171,1.0247934312057412,0.938016260079092,0.9148757670091935
0.005741765078170628,0.005741765078170628,1.0249056873662703,0.9377356203660256,0.9144977055623289
0.005792880028169416,0.005792880028169416,1.025018461466984,0.9374536857994469,0.9141179650347534
0.005844450019096873,0.005844450019096873,1.0251317559849948,0.9371704501865903,0.9137365379691823
0.005896479101866608,0.005896479101866608,1.0252455734100472,0.9368859073031065,0.9133534168752107
0.005948971363454711,0.005948971363454711,1.0253599162445919,0.9366000508928829,0.9129685942291657
0.006001930927220786,0.006001930927220786,1.0254747870038572,0.9363128746678633,0.9125820624739606
0.006055361953231834,0.006055361953231834,1.025590188215919,0.9360243723078678,0.9121938140189457
0.0061092686385890455,0.0061092686385890455,1.0257061224217783,0.9357345374604115,0.9118038412397576
0.006163655217757501,0.006163655217757501,1.0258225921754287,0.9354433637405187,0.9114121364781717
0.006218525962898787,0.006218525962898787,1.0259396000439365,0.9351508447305412,0.9110186920419513
0.0062738851842065665,0.0062738851842065665,1.0260571486075087,0.9348569739799704,0.9106235002046965
0.006329737230245167,0.006329737230245167,1.0261752404595728,0.9345617450052517,0.9102265532056917
0.006386086488291183,0.006386086488291183,1.0262938782068514,0.9342651512895956,0.9098278432497522
0.006442937384678072,0.006442937384678072,1.0264130644694323,0.9339671862827892,0.9094273625070758
0.006500294385143862,0.006500294385143862,1.0265328018808535,0.933667843401004,0.9090251031130834
0.006558161995181967,0.006558161995181967,1.0266530930881737,0.9333671160266056,0.9086210571682681
0.006616544760395077,0.006616544760395077,1.0267739407520518,0.9330649975079599,0.9082152167380383
0.0066754472668522176,0.0066754472668522176,1.0268953475468234,0.9327614811592385,0.9078075738525637
0.006734874141449004,0.006734874141449004,1.0270173161605802,0.9324565602602237,0.9073981205066165
0.006794830052271104,0.006794830052271104,1.0271398492952515,0.9321502280561099,0.9069868486594154
0.006855319708960916,0.006855319708960916,1.0272629496666756,0.9318424777573074,0.906573750234469
0.0069163478630875005,0.0069163478630875005,1.0273866200046893,0.9315333025392414,0.9061588171194144
0.00697791930851984,0.00697791930851984,1.027510863053201,0.9312226955421509,0.9057420411658594
0.0070400388818034265,0.0070400388818034265,1.0276356815702754,0.9309106498708879,0.905323414189224
0.007102711462540141,0.007102711462540141,1.027761078328213,0.9305971585947119,0.9049029279685762
0.007165941973771572,0.007165941973771572,1.027887056113633,0.9302822147470865,0.9044805742464733
0.007229735382365747,0.007229735382365747,1.028013617727557,0.9299658113254718,0.904056344728799
0.00729409669940727,0.00729409669940727,1.0281407659854895,0.9296479412911177,0.9036302310846
0.007359030980590942,0.007359030980590942,1.028268503717504,0.9293285975688541,0.9032022249459238
0.007424543326618904,0.007424543326618904,1.0283968337683234,0.9290077730468808,0.9027723179076514
0.007490638883601327,0.007490638883601327,1.0285257589974108,0.9286854605765553,0.9023405015273371
0.007557322843460625,0.007557322843460625,1.028655282279051,0.9283616529721797,0.9019067673250367
0.007624600444339283,0.007624600444339283,1.0287854065024347,0.9280363430107859,0.9014711067831468
0.007692476971011331,0.007692476971011331,1.0289161345717481,0.9277095234319191,0.901033511346233
0.007760957755297493,0.007760957755297493,1.0290474694062597,0.9273811869374209,0.9005939724208648
0.00783004817648399,0.00783004817648399,1.029179413940407,0.927051326191209,0.900152481375445
0.007899753661745081,0.007899753661745081,1.0293119711238854,0.9267199338190582,0.8997090295400415
0.007970079686569391,0.007970079686569391,1.029445143921736,0.9263870024083765,0.8992636082062168
0.008041031775190046,0.008041031775190046,1.0295789353144345,0.9260525245079825,0.8988162086268561
0.00811261550101856,0.00811261550101856,1.0297133482979848,0.9257164926278811,0.8983668220159959
0.00818483648708266,0.00818483648708266,1.0298483858840053,0.925378899239035,0.8979154395486524
0.008257700406468007,0.008257700406468007,1.0299840510998242,0.9250397367731383,0.8974620523606469
0.008331212982763807,0.008331212982763807,1.0301203469885662,0.9246989976223855,0.8970066515484332
0.008405379990512388,0.008405379990512388,1.0302572766092501,0.9243566741392413,0.8965492281689208
0.008480207255662826,0.008480207255662826,1.0303948430368808,0.9240127586362068,0.8960897732393006
0.00855570065602859,0.00855570065602859,1.0305330493625389,0.9236672433855859,0.8956282777368686
0.008631866121749251,0.008631866121749251,1.0306718986934813,0.9233201206192487,0.895164732598849
0.008708709635756274,0.008708709635756274,1.030811394153231,0.9229713825283946,0.894699128722213
0.008786237234243011,0.008786237234243011,1.0309515388816772,0.9226210212633122,0.8942314569635057
0.008864455007138885,0.008864455007138885,1.0310923360351671,0.9222690289331384,0.8937617081386621
0.008943369098587705,0.008943369098587705,1.031233788786607,0.9219153976056176,0.8932898730228273
0.00902298570743033,0.00902298570743033,1.0313759003255554,0.9215601193068548,0.8928159423501777
0.009103311087691614,0.009103311087691614,1.0315186738583266,0.9212031860210718,0.8923399068137365
0.009184351549071657,0.009184351549071657,1.0316621126080858,0.9208445896903587,0.8918617570651913
0.009266113457441418,0.009266113457441418,1.0318062198149491,0.9204843222144256,0.891381483714713
0.009348603235342789,0.009348603235342789,1.0319509987360846,0.9201223754503501,0.8908990773307691
0.009431827362493117,0.009431827362493117,1.0320964526458147,0.9197587412123259,0.8904145284399368
0.009515792376294175,0.009515792376294175,1.0322425848357122,0.9193934112714075,0.889927827526722
0.009600504872345665,0.009600504872345665,1.03238939861471,0.9190263773552549,0.8894389650333667
0.00968597150496334,0.00968597150496334,1.0325368973091973,0.9186576311478748,0.8889479313596669
0.009772198987701725,0.009772198987701725,1.032685084263126,0.9182871642893613,0.8884547168627791
0.009859194093881463,0.009859194093881463,1.0328339628381178,0.9179149683756342,0.8879593118570345
0.009946963657121353,0.009946963657121353,1.0329835364135616,0.9175410349581758,0.8874617066137469
0.010035514571875155,0.010035514571875155,1.0331338083867252,0.9171653555437649,0.8869618913610219
0.010124853793973203,0.010124853793973203,1.0332847821728566,0.9167879215942107,0.8864598562835658
0.010214988341168714,0.010214988341168714,1.0334364612052949,0.916408724526084,0.8859555915224923
0.010305925293689138,0.010305925293689138,1.033588848935573,0.9160277557104448,0.8854490871751283
0.010397671794792233,0.010397671794792233,1.0337419488335278,0.9156450064725723,0.8849403332948209
0.010490235051327266,0.010490235051327266,1.0338957643874074,0.9152604680916876,0.8844293198907406
0.01058362233430105,0.01058362233430105,1.034050299103979,0.9148741318006786,0.883916036927686
0.010677840979449127,0.010677840979449127,1.0342055565086354,0.9144859887858217,0.8834004743258864
0.010772898387812034,0.010772898387812034,1.0343615401455093,0.9140960301865005,0.8828826219608038
0.01086880202631659,0.01086880202631659,1.0345182535775765,0.9137042470949248,0.8823624696629349
0.010965559428362527,0.010965559428362527,1.0346757003867686,0.9133106305558443,0.8818400072176092
0.011063178194414167,0.011063178194414167,1.034833884174082,0.9129151715662641,0.8813152243647914
0.011161665992597531,0.011161665992597531,1.034992808559685,0.9125178610751555,0.8807881107988772
0.011261030559302599,0.011261030559302599,1.0351524771830274,0.9121186899831653,0.8802586561684929
0.011361279699791112,0.011361279699791112,1.0353128937029499,0.9117176491423242,0.8797268500762914
0.011462421288809591,0.011462421288809591,1.0354740617977907,0.9113147293557513,0.8791926820787477
0.011564463271208008,0.011564463271208008,1.0356359851654933,0.910909921377358,0.8786561416859534
0.011667413662563774,0.011667413662563774,1.03579866752371,0.9105032159115498,0.8781172183614127
0.011771280549811471,0.011771280549811471,1.0359621126099101,0.9100946036129238,0.8775759015218335
0.01187607209187801,0.01187607209187801,1.0361263241814793,0.909684075085968,0.8770321805369197
0.01198179652032357,0.01198179652032357,1.0362913060158214,0.9092716208847542,0.8764860447291637
0.01208846213998823,0.01208846213998823,1.0364570619104572,0.9088572315126318,0.8759374833736361
0.012196077329644252,0.012196077329644252,1.0366235956831202,0.9084408974219175,0.8753864856977741
0.01230465054265434,0.01230465054265434,1.0367909111718474,0.9080226090135842,0.8748330408811715
0.01241419030763557,0.01241419030763557,1.0369590122350674,0.9076023566369475,0.8742771380553657
0.012524705229129431,0.012524705229129431,1.037127902751685,0.9071801305893481,0.8737187663036236
0.01263620398827762,0.01263620398827762,1.0372975866211585,0.9067559211158345,0.8731579146607277
0.012748695343504063,0.012748695343504063,1.03746806776357,0.9063297184088417,0.8725945721127613
0.01286218813120281,0.01286218813120281,1.0376393501196937,0.9059015126078684,0.8720287275968911
0.012976691266432246,0.012976691266432246,1.0378114376510497,0.9054712937991519,0.8714603700011513
0.013092213743615279,0.013092213743615279,1.037984334339952,0.9050390520153394,0.8708894881642235
0.013208764637245978,0.013208764637245978,1.0381580441895466,0.904604777235159,0.8703160708752199
0.013326353102602294,0.013326353102602294,1.0383325712238356,0.9041684593830867,0.8697401068734607
0.013444988376465265,0.013444988376465265,1.038507919487689,0.9037300883290114,0.8691615848482558
0.013564679777844622,0.013564679777844622,1.0386840930468448,0.9032896538878983,0.8685804934386787
0.013685436708710716,0.013685436708710716,1.038861095987884,0.9028471458194481,0.8679968212333479
0.013807268654733173,0.013807268654733173,1.0390389324181948,0.9024025538277558,0.8674105567701993
0.013930185186025896,0.013930185186025896,1.0392176064659135,0.9019558675609656,0.8668216885362631
0.014054195957898927,0.014054195957898927,1.0393971222798404,0.9015070766109229,0.8662302049674366
0.014179310711616776,0.014179310711616776,1.0395774840293273,0.9010561705128265,0.8656360944482582
0.014305539275163733,0.014305539275163733,1.039758695904145,0.9006031387448744,0.8650393453116783
0.014432891564015747,0.014432891564015747,1.0399407621143066,0.9001479707279099,0.8644399458388299
0.014561377581919431,0.014561377581919431,1.0401236868898651,0.899690655825064,0.8638378842588001
0.014691007421677752,0.014691007421677752,1.0403074744806642,0.8992311833413953,0.8632331487483978
0.014821791265942958,0.014821791265942958,1.0404921291560525,0.8987695425235271,0.8626257274319212
0.014953739388016338,0.014953739388016338,1.0406776552045434,0.8983057225592829,0.8620156083809254
0.015086862152655254,0.015086862152655254,1.0408640569334242,0.8978397125773164,0.8614027796139875
0.015221170016887357,0.015221170016887357,1.0410513386683136,0.8973715016467433,0.8607872290964722
0.015356673530831892,0.015356673530831892,1.0412395047526453,0.8969010787767658,0.8601689447402942
0.015493383338528562,0.015493383338528562,1.0414285595470916,0.8964284329162971,0.859547914403682
0.015631310178773505,0.015631310178773505,1.0416185074289057,0.8959535529535834,0.8589241258909387
0.01577046488596297,0.01577046488596297,1.0418093527911854,0.8954764277158189,0.858297566952203
0.01591085839094426,0.01591085839094426,1.0420011000420448,0.8949970459687657,0.8576682252832085
0.016052501721874477,0.016052501721874477,1.0421937536036876,0.8945153964163619,0.8570360885250413
0.016195406005086704,0.016195406005086704,1.0423873179113796,0.8940314677003344,0.8564011442638984
0.0163395824659641,0.0163395824659641,1.042581797412301,0.8935452483998041,0.8557633800308438
0.016485042429821555,0.016485042429821555,1.0427771965642771,0.8930567270308898,0.855122783301563
0.016631797322795457,0.016631797322795457,1.0429735198343755,0.8925658920463094,0.8544793414961175
0.01677985867274109,0.01677985867274109,1.0431707716973564,0.8920727318349776,0.8538330419786975
0.01692923811013825,0.01692923811013825,1.043368956633971,0.891577234721601,0.8531838720573739
0.01707994736900486,0.01707994736900486,1.043568079129086,0.8910793889662694,0.8525318189838489
0.017231998287818597,0.017231998287818597,1.043768143669635,0.8905791827640449,0.8518768699532067
0.01738540281044697,0.01738540281044697,1.0439691547423713,0.8900766042445476,0.85121901210366
0.01754017298708537,0.01754017298708537,1.0441711168314178,0.8895716414715383,0.8505582325162989
0.01769632097520379,0.01769632097520379,1.0443740344155883,0.8890642824424977,0.8498945182148373
0.017853859040501668,0.017853859040501668,1.0445779119654817,0.8885545150882028,0.8492278561653576
0.01801279955787153,0.01801279955787153,1.044782753940316,0.8880423272722998,0.8485582332760541
0.0181731550123709,0.0181731550123709,1.044988564784497,0.8875277067908744,0.8478856363969772
0.01833493800020319,0.01833493800020319,1.0451953489238959,0.887010641372018,0.8472100523197743
0.018498161229707006,0.018498161229707006,1.0454031107618318,0.8864911186753911,0.8465314677774309
0.018662837522354477,0.018662837522354477,1.0456118546747202,0.8859691262917838,0.8458498694440095
0.01882897981375846,0.01882897981375846,1.0458215850073873,0.8854446517426713,0.8451652439343886
0.018996601154688514,0.018996601154688514,1.046032306068018,0.8849176824797691,0.8444775778039992
0.019165714712096226,0.019165714712096226,1.046244022122721,0.884388205884581,0.8437868575485616
0.019336333770149334,0.019336333770149334,1.0464567373896927,0.8838562092679467,0.8430930696038187
0.019508471731275383,0.019508471731275383,1.0466704560329567,0.8833216798695849,0.8423962003452715
0.01968214211721435,0.01968214211721435,1.0468851821556437,0.8827846048576322,0.84169623608791
0.019857358570080957,0.019857358570080957,1.047100919792816,0.8822449713281801,0.8409931630859455
0.020034134853436136,0.020034134853436136,1.0473176729037825,0.881702766304806,0.8402869675325403
0.02021248485336832,0.02021248485336832,1.0475354453639085,0.8811579767381038,0.8395776355595359
0.020392422579584072,0.020392422579584072,1.0477542409558687,0.8806105895052084,0.8388651532371827
0.02057396216650874,0.02057396216650874,1.047974063360344,0.8800605914093168,0.838149506573863
0.02075711787439658,0.02075711787439658,1.0481949161461166,0.8795079691792071,0.8374306815158197
0.020941904090451005,0.020941904090451005,1.048416802759552,0.8789527094687524,0.836708663946879
0.02112833532995477,0.02112833532995477,1.0486397265134317,0.8783947988564307,0.8359834396881722
0.021316426237410046,0.021316426237410046,1.0488636905751207,0.8778342238448327,0.8352549944978586
0.021506191587688916,0.021506191587688916,1.049088697954038,0.8772709708601638,0.834523314070845
0.021697646287193822,0.021697646287193822,1.0493147514884011,0.8767050262517436,0.8337883840385057
0.021890805375028646,0.021890805375028646,1.049541853831228,0.8761363762915015,0.8330501899683994
0.02208568402417988,0.02208568402417988,1.0497700074355638,0.8755650071734669,0.8323087173639863
0.02228229754270869,0.02228229754270869,1.0499992145389074,0.8749909050132572,0.8315639516643427
0.022480661374953182,0.022480661374953182,1.0502294771468144,0.8744140558475614,0.8308158782438767
0.022680791102741783,0.022680791102741783,1.0504607970156539,0.8738344456336185,0.8300644824120388
0.02288270244661704,0.02288270244661704,1.0506931756344866,0.8732520602486941,0.829309749413035
0.023086411267070662,0.023086411267070662,1.050926614206054,0.87266688548955,0.8285516644255367
0.023291933565789253,0.023291933565789253,1.0511611136268397,0.8720789070719119,0.8277902125623892
0.023499285486911315,0.023499285486911315,1.0513966744661936,0.871488110629933,0.8270253788703192
0.02370848331829549,0.02370848331829549,1.0516332969444906,0.8708944817156512,0.8262571483296429
0.02391954349279983,0.02391954349279983,1.0518709809103075,0.8702980057984444,0.8254855058539681
0.024132482589572804,0.024132482589572804,1.0521097258165983,0.8696986682644802,0.8247104362899008
0.024347317335355452,0.024347317335355452,1.0523495306958428,0.8690964544161619,0.8239319244167458
0.02456406460579547,0.02456406460579547,1.0525903941341659,0.8684913494715694,0.8231499549462082
0.024782741426772635,0.024782741426772635,1.0528323142443956,0.8678833385638969,0.8223645125220941
0.025003364975736422,0.025003364975736422,1.0530752886380672,0.8672724067408846,0.8215755817200074
0.025225952583055117,0.025225952583055117,1.0533193143963338,0.8666585389642476,0.8207831470470485
0.02545052173337735,0.02545052173337735,1.0535643880398005,0.8660417201090984,0.8199871929415083
0.02567709006700533,0.02567709006700533,1.0538105054972593,0.8654219349633667,0.8191877037725652
0.025905675381280763,0.025905675381280763,1.0540576620733166,0.8647991682272127,0.818384663839975
0.026136295631982637,0.026136295631982637,1.0543058524149171,0.8641734045124382,0.8175780573737655
0.026368968934737787,0.026368968934737787,1.0545550704767575,0.8635446283418899,0.8167678685339247
0.026603713566443987,0.026603713566443987,1.0548053094855891,0.8629128241488608,0.8159540814100901
0.026840547966705437,0.026840547966705437,1.0550565619034151,0.8622779762764852,0.8151366800212373
0.027079490739281446,0.027079490739281446,1.0553088193895874,0.8616400689771284,0.8143156483153663
0.02732056065354757,0.02732056065354757,1.0555620727618016,0.8609990864117738,0.8134909701691838
0.027563776645970206,0.027563776645970206,1.0558163119560158,0.8603550126494031,0.8126626293877893
0.02780915782159386,0.02780915782159386,1.056071525985292,0.8597078316663715,0.8118306097043558
0.028056723455542092,0.028056723455542092,1.0563277028975844,0.8590575273457792,0.8109948947798109
0.028306492994531415,0.028306492994531415,1.0565848297324825,0.8584040834768368,0.8101554682025152
0.02855848605839906,0.02855848605839906,1.0568428924769464,0.8577474837542253,0.8093123134879406
0.02881272244164396,0.02881272244164396,1.0571018760200415,0.8570877117774527,0.8084654140783463
0.02906922211498183,0.02906922211498183,1.057361764106708,0.856424751050203,0.807614753342454
0.02932800522691373,0.02932800522691373,1.0576225392905976,0.8557585849796822,0.8067603145751212
0.029589092105308853,0.029589092105308853,1.0578841828859984,0.8550891968759567,0.8059020809970128
0.029852503259001375,0.029852503259001375,1.0581466749188995,0.8544165699512891,0.805040035754271
0.030118259379401283,0.030118259379401283,1.0584099940772242,0.8537406873194651,0.804174161918187
0.030386381342119947,0.030386381342119947,1.0586741176602683,0.8530615319951187,0.8033044424848649
0.030656890208609695,0.030656890208609695,1.0589390215274088,0.8523790868930489,0.8024308603748903
0.030929807227818473,0.030929807227818473,1.0592046800461066,0.8516933348275323,0.8015533984329943
0.03120515383785874,0.03120515383785874,1.0594710660392683,0.8510042585116306,0.8006720394277161
0.03148295166769172,0.03148295166769172,1.0597381507320212,0.8503118405564902,0.7997867660510651
0.03176322253882615,0.03176322253882615,1.060005903697948,0.849616063470638,0.7988975609181812
0.032045988467032625,0.032045988467032625,1.060274292804847,0.8489169096592716,0.7980044065669923
0.03233127166407275,0.03233127166407275,1.0605432841600877,0.8482143614235422,0.7971072854578738
0.03261909453944417,0.03261909453944417,1.0608128420556031,0.8475084009598319,0.7962061799733
0.03290947970214062,0.03290947970214062,1.061082928912619,0.8467990103590269,0.7953010724175029
0.033202449962428035,0.033202449962428035,1.0613535052261525,0.8460861716057826,0.7943919450161214
0.0334980283336364,0.0334980283336364,1.0616245295093878,0.8453698665777823,0.7934787799158535
0.03379623803396728,0.03379623803396728,1.0618959582379774,0.844650077044993,0.7925615591841058
0.03409710248831791,0.03409710248831791,1.0621677457943568,0.8439267846689104,0.7916402648086401
0.03440064533012101,0.03440064533012101,1.0624398444121514,0.8431999710018021,0.7907148786972222
0.034706890403201456,0.034706890403201456,1.0627122041207495,0.8424696174859412,0.7897853826772636
0.03501586176364904,0.03501586176364904,1.0629847726901367,0.8417357054528356,0.7888517584954667
0.03532758368170836,0.03532758368170836,1.063257495576053,0.8409982161224492,0.7879139878174656
0.03564208064368501,0.03564208064368501,1.0635303158655875,0.8402571306024185,0.7869720522274661
0.035959377353869316,0.035959377353869316,1.0638031742232703,0.8395124298872609,0.7860259332278842
0.03627949873647662,0.03627949873647662,1.0640760088377654,0.8387640948575776,0.7850756122389829
0.0366024699376054,0.0366024699376054,1.0643487553692506,0.8380121062792489,0.7841210705985071
0.03692831632721229,0.03692831632721229,1.0646213468975643,0.8372564448026232,0.7831622895613171
0.03725706350110503,0.03725706350110503,1.0648937138712287,0.8364970909617004,0.7821992502990208
0.0375887372829532,0.0375887372829532,1.0651657840574211,0.8357340251733052,0.7812319338996035
0.03792336372631644,0.03792336372631644,1.065437482492991,0.834967227736257,0.7802603213670576
0.03826096911669129,0.03826096911669129,1.0657087314366203,0.8341966788305306,0.7792843936210075
0.03860157997357568,0.03860157997357568,1.0659794503222084,0.8334223585164109,0.7783041314963374
0.03894522305255239,0.03894522305255239,1.066249555713577,0.8326442467336395,0.777319515742813
0.03929192534739041,0.03929192534739041,1.066518961260586,0.831862323300555,0.7763305270247044
0.03964171409216571,0.03964171409216571,1.0667875776567466,0.8310765679132255,0.7753371459204067
0.039994616763400145,0.039994616763400145,1.0670553125984221,0.8302869601445741,0.7743393529220578
0.040350661082220164,0.040350661082220164,1.0673220707457034,0.8294934794434963,0.7733371284351555
0.040709875016533996,0.040709875016533996,1.0675877536850502,0.8286961051339701,0.7723304527781735
0.04107228678322892,0.04107228678322892,1.0678522598937703,0.8278948164141597,0.771319306182174
0.041437924850387435,0.041437924850387435,1.0681154847064365,0.8270895923555102,0.7703036687904209
0.04180681793952365,0.04180681793952365,1.0683773202833116,0.8262804119018344,0.7692835206579877
0.04217899502783949,0.04217899502783949,1.0686376555808614,0.8254672538683926,0.7682588417513684
0.042554485350500645,0.042554485350500645,1.0688963763244401,0.8246500969409649,0.7672296119480833
0.042933318402933365,0.042933318402933365,1.069153364983216,0.8238289196749142,0.7661958110362821
0.043315523943141025,0.043315523943141025,1.0694085007474146,0.8230037004942422,0.7651574187143511
0.04370113199404204,0.04370113199404204,1.0696616595079436,0.8221744176906367,0.7641144145905108
0.04409017284582786,0.04409017284582786,1.0699127138384763,0.821341049422512,0.7630667781824185
0.04448267705834267,0.04448267705834267,1.070161532980046,0.8205035737140386,0.7620144889167646
0.044878675463483536,0.044878675463483536,1.0704079828282207,0.819661968454167,0.7609575261288705
0.04527819916762272,0.04527819916762272,1.0706519259229175,0.8188162113956414,0.7598958690622812
0.045681279554050734,0.045681279554050734,1.0708932214408968,0.817966280154007,0.7588294968683607
0.04608794828544193,0.04608794828544193,1.0711317251910104,0.8171121522066054,0.7577583886058812
0.04649823730634134,0.04649823730634134,1.0713672896122284,0.8162538048915646,0.7566825232406127
0.046912178845674106,0.046912178845674106,1.0715997637745032,0.8153912154067788,0.7556018796449127
0.04732980541927728,0.04732980541927728,1.0718289933825047,0.8145243608088792,0.7545164365973102
0.047751149832453654,0.047751149832453654,1.0720548207822647,0.8136532180121966,0.7534261727820902
0.04817624518254905,0.04817624518254905,1.0722770849707586,0.8127777637877145,0.7523310667888785
0.0486051248615518,0.0486051248615518,1.0724956216084625,0.8118979747620148,0.7512310971122209
0.04903782255871613,0.04903782255871613,1.0727102630348935,0.81101382741621,0.7501262421511623
0.04947437226320813,0.04947437226320813,1.0729208382871704,0.8101252980848734,0.7490164802088266
0.04991480826677604,0.04991480826677604,1.0731271731216003,0.8092323629549527,0.7479017894919923
0.05035916516644354,0.05035916516644354,1.0733290900382986,0.80833499806468,0.7467821481106663
0.05080747786722779,0.05080747786722779,1.0735264083088676,0.807433179302468,0.7456575340776588
0.05125978158488098,0.05125978158488098,1.0737189440071122,0.8065268824058015,0.7445279253081549
0.05171611184865667,0.05171611184865667,1.0739065100428105,0.8056160829601149,0.7433932996192854
0.05217650450410087,0.05217650450410087,1.0740889161985265,0.8047007563976634,0.7422536347296952
0.05264099571586741,0.05264099571586741,1.074265969169454,0.8037808779963838,0.7411089082591135
0.05310962197055915,0.05310962197055915,1.0744374726062764,0.8028564228787444,0.7399590977279199
0.05358242007959363,0.05358242007959363,1.0746032271610326,0.8019273660105887,0.738804180556711
0.054059427182095124,0.054059427182095124,1.0747630305359517,0.800993682199965,0.7376441340658655
0.05454068074781152,0.05454068074781152,1.074916677535247,0.8000553460959519,0.7364789354751091
0.05502621858005812,0.05502621858005812,1.075063960119821,0.7991123321874678,0.7353085619030794
0.05551607881868666,0.05551607881868666,1.0752046674648634,0.7981646148020779,0.7341329903668881
0.05601029994308174,0.05601029994308174,1.075338586020287,0.7972121681047862,0.7329521977816864
0.05650892077518299,0.05650892077518299,1.0754654995739734,0.7962549660968203,0.7317661609602277
0.057011980482535064,0.057011980482535064,1.07558518931777,0.795292982614408,0.7305748566124318
0.057519518581363914,0.057519518581363914,1.0756974339161955,0.7943261913275417,0.729378261344949
0.058031574939681016,0.058031574939681016,1.0758020095777987,0.7933545657387372,0.7281763516607258
0.058548189780415275,0.058548189780415275,1.0758986901291085,0.7923780791817803,0.7269691039585723
0.059069403684572176,0.059069403684572176,1.0759872470911231,0.7913967048204666,0.7257564945327282
0.059595257594421976,0.059595257594421976,1.0760674497582612,0.7904104156473326,0.724538499572434
0.06012579281671531,0.06012579281671531,1.0761390652797247,0.7894191844823768,0.7233150951615037
0.06066105102592839,0.06066105102592839,1.0762018587431843,0.7884229839717742,0.7220862572778994
0.06120107426753613,0.06120107426753613,1.0762555932607298,0.7874217865865829,0.7208519617933103
0.06174590496131538,0.06174590496131538,1.0763000300569998,0.7864155646214415,0.7196121844727339
0.06229558590467656,0.06229558590467656,1.0763349285594142,0.7854042901932616,0.7183669009740659
0.06285016027602601,0.06285016027602601,1.0763600464904286,0.7843879352399115,0.7171160868476898
0.06340967163815718,0.06340967163815718,1.0763751399617294,0.7833664715188953,0.7158597175360779
0.06397416394167312,0.06397416394167312,1.0763799635702764,0.7823398706060238,0.7145977683733951
0.06454368152843838,0.06454368152843838,1.076374270496112,0.781308103894083,0.7133302145851126
0.0651182691350624,0.0651182691350624,1.07635781260184,0.7802711425914957,0.7120570312876313
0.06569797189641374,0.06569797189641374,1.0763303405336924,0.7792289577209799,0.7107781934879108
0.06628283534916518,0.06628283534916518,1.0762916038240753,0.7781815201182043,0.7094936760831158
0.06687290543537112,0.06687290543537112,1.076241350995514,0.77712880043044,0.708203453860268
0.06746822850607594,0.06746822850607594,1.076179329665891,0.7760707691152131,0.7069075014959181
0.06806885132495545,0.06806885132495545,1.0761052866548821,0.7750073964389533,0.7056057935558259
0.06867482107198977,0.06867482107198977,1.076018968091494,0.7739386524756462,0.7042983044946637
0.0692861853471699,0.0692861853471699,1.0759201195225951,0.7728645071054852,0.7029850086557321
0.06990299217423626,0.06990299217423626,1.0758084860223562,0.7717849300135262,0.7016658802707016
0.07052529000445158,0.07052529000445158,1.0756838123024806,0.7706998906883479,0.7003408934593702
0.07115312772040629,0.07115312772040629,1.0755458428231297,0.7696093584207162,0.6990100222294496
0.07178655463985884,0.07178655463985884,1.075394321904453,0.7685133023022559,0.6976732404763747
0.0724256205196093,0.0724256205196093,1.075228993838602,0.767411691224132,0.696330521983144
0.07307037555940796,0.07307037555940796,1.0750496030021357,0.7663044938757401,0.6949818404201896
0.07372087040589892,0.07372087040589892,1.0748558939687196,0.7651916787434101,0.6936271693452799
0.07437715615659785,0.07437715615659785,1.074647611622009,0.7640732141091258,0.6922664822034619
0.07503928436390649,0.07503928436390649,1.0744245012686175,0.762949068049256,0.6908997523270399
0.07570730703916151,0.07570730703916151,1.0741863087510721,0.7618192084333121,0.6895269529355996
0.07638127665672073,0.07638127665672073,1.0739327805606567,0.7606836029227194,0.6881480571360755
0.07706124615808445,0.07706124615808445,1.0736636639500337,0.7595422189696178,0.6867630379228706
0.07774726895605474,0.07774726895605474,1.073378707045562,0.7583950238156861,0.6853718681780279
0.07843939893893044,0.07843939893893044,1.0730776589592026,0.7572419844909979,0.6839745206714599
0.07913769047474084,0.07913769047474084,1.0727602698999148,0.7560830678129081,0.6825709680612396
0.07984219841551578,0.07984219841551578,1.07242629128446,0.7549182403849775,0.6811611828939581
0.08055297810159491,0.08055297810159491,1.072075475847502,0.7537474685959344,0.6797451376051511
0.08127008536597437,0.08127008536597437,1.0717075777509306,0.7525707186186832,0.6783228045198033
0.08199357653869263,0.08199357653869263,1.0713223526923015,0.7513879564093537,0.6768941558529316
0.08272350845125571,0.08272350845125571,1.0709195580123145,0.7501991477064075,0.6754591637102547
0.08345993844110072,0.08345993844110072,1.0704989528012396,0.7490042580297945,0.6740178000889547
0.08420292435610056,0.08420292435610056,1.0700602980042018,0.7478032526801722,0.6725700368785347
0.08495252455910722,0.08495252455910722,1.0696033565252492,0.7465960967381866,0.6711158458617815
0.08570879793253701,0.08570879793253701,1.0691278933301165,0.7453827550638237,0.6696551987158363
0.0864718038829952,0.0864718038829952,1.0686336755476058,0.7441631922958326,0.6681880670133832
0.08724160234594319,0.08724160234594319,1.0681204725695128,0.7429373728512298,0.666714422223958
0.08801825379040584,0.08801825379040584,1.067588056149011,0.7417052609248864,0.6652342357153915
0.08880181922372214,0.08880181922372214,1.0670362004974394,0.7404668204892054,0.6637474787553846
0.0895923601963367,0.0895923601963367,1.0664646823794053,0.7392220152938955,0.6622541225132339
0.09038993880663543,0.09038993880663543,1.0658732812061433,0.7379708088658463,0.6607541380617046
0.09119461770582275,0.09119461770582275,1.0652617791270673,0.7367131645091111,0.6592474963790693
0.09200646010284333,0.09200646010284333,1.0646299611194447,0.735449045305005,0.6577341683513125
0.09282552976934745,0.09282552976934745,1.0639776150761346,0.7341784141123241,0.6562141247745125
0.09365189104469977,0.09365189104469977,1.0633045318913354,0.7329012335676928,0.6546873363574119
0.09448560884103407,0.09448560884103407,1.062610505544284,0.7316174660860453,0.6531537737241826
0.09532674864835142,0.09532674864835142,1.0618953331808467,0.7303270738612511,0.6516134074173924
0.09617537653966525,0.09617537653966525,1.0611588151929638,0.7290300188668892,0.6500662079011904
0.09703155917619088,0.09703155917619088,1.0604007552958903,0.7277262628571803,0.6485121455647128
0.09789536381258251,0.09789536381258251,1.0596209606031874,0.7264157673680839,0.6469511907257205
0.09876685830221547,0.09876685830221547,1.0588192416994298,0.7250984937185696,0.6453833136344856
0.09964611110251699,0.09964611110251699,1.057995412710576,0.7237744030120685,0.6438084844779233
0.1005331912803429,0.1005331912803429,1.0571492913719789,0.7224434561381163,0.6422266733839953
0.10142816851740366,0.10142816851740366,1.0562806990939873,0.7211056137741927,0.6406378504263806
0.10233111311573743,0.10233111311573743,1.0553894610251155,0.719760836387769,0.6390419856294366
0.10324209600323256,0.10324209600323256,1.0544754061127484,0.7184090842385712,0.6374390489734513
0.10416118873919948,0.10416118873919948,1.0535383671613487,0.7170503173810665,0.6358290104002023
0.10508846351999111,0.10508846351999111,1.0525781808881591,0.7156844956671852,0.6342118398188346
0.10602399318467484,0.10602399318467484,1.0515946879763496,0.7143115787492822,0.6325875071120631
0.10696785122075325,0.10696785122075325,1.0505877331256201,0.7129315260833544,0.6309559821427169
0.10792011176993764,0.10792011176993764,1.0495571651002193,0.7115442969325131,0.6293172347606285
0.10888084963397104,0.10888084963397104,1.0485028367743756,0.7101498503707331,0.6276712348098886
0.10985014028050495,0.10985014028050495,1.0474246051751233,0.7087481452868745,0.6260179521364677
0.11082805984902658,0.11082805984902658,1.0463223315225216,0.7073391403889989,0.6243573565962223
0.11181468515684054,0.11181468515684054,1.04519588126725,0.7059227942089794,0.6226894180632911
0.1128100937051022,0.1128100937051022,1.04404512412558,0.7044990651074201,0.6210141064388991
0.11381436368490638,0.11381436368490638,1.0428699341117205,0.7030679112788907,0.6193313916605687
0.1148275739834286,0.1148275739834286,1.0416701895675369,0.7016292907574879,0.6176412437117613
0.11584980419012217,0.11584980419012217,1.0404457731896457,0.7001831614227312,0.6159436326319504
0.11688113460297041,0.11688113460297041,1.0391965720538874,0.6987294810058018,0.6142385285271361
0.11792164623479341,0.11792164623479341,1.0379224776371858,0.6972682070961352,0.6125259015808194
0.11897142081961264,0.11897142081961264,1.036623385836805,0.6957992971483751,0.6108057220654335
0.12003054081907036,0.12003054081907036,1.03529919698701,0.6943227084896975,0.6090779603542538
0.1210990894289081,0.1210990894289081,1.033949815873147,0.6928383983275134,0.6073425869337811
0.12217715058550087,0.12217715058550087,1.0325751517431616,0.6913463237575591,0.6055995724166241
0.12326480897245143,0.12326480897245143,1.0311751183165614,0.6898464417723803,0.6038488875548705
0.12436215002724142,0.12436215002724142,1.0297496337908614,0.688338709270222,0.6020905032539705
0.1254692599479436,0.1254692599479436,1.0282986208455094,0.6868230830643249,0.6003243905871275
0.12658622569999187,0.12658622569999187,1.0268220066433384,0.6852995198926446,0.5985505208102144
0.12771313502301343,0.12771313502301343,1.025319722829553,0.6837679764279911,0.5967688653772095
0.12885007643772028,0.12885007643772028,1.023791705528288,0.6822284092886051,0.5949793959561682
0.12999713925286277,0.12999713925286277,1.022237895336761,0.6806807750491678,0.5931820844457312
0.1311544135722455,0.1311544135722455,1.0206582373170567,0.6791250302522585,0.5913769029921722
0.1323219903018042,0.1323219903018042,1.0190526809855698,0.677561131420261,0.5895638240069938
0.13349996115674756,0.13349996115674756,1.0174211803001425,0.6759890350677258,0.5877428201850723
0.13468841866876066,0.13468841866876066,1.0157636936449361,0.6744086977141921,0.5859138645233538
0.13588745619327444,0.13588745619327444,1.0140801838130666,0.6728200758974756,0.5840769303401054
0.13709716791679794,0.13709716791679794,1.0123706179870544,0.6712231261874249,0.5822319912947234
0.13831764886431783,0.13831764886431783,1.0106349677171178,0.66961780520015,0.5803790214080966
0.13954899490676184,0.13954899490676184,1.0088732088973638,0.6680040696127286,0.5785179950835287
0.1407913027685305,0.1407913027685305,1.0070853217399118,0.6663818761783877,0.5766488871282152
0.14204467003509402,0.14204467003509402,1.0052712907470027,0.6647511817421693,0.574771672775279
0.14330919516065896,0.14330919516065896,1.0034311046811322,0.6631119432570758,0.5728863277063538
0.14458497747590082,0.14458497747590082,1.0015647565332713,0.6614641178007009,0.5709928280747238
0.1458721171957673,0.1458721171957673,0.9996722434892071,0.6598076625923434,0.5690911505290062
0.14717071542735052,0.14717071542735052,0.9977535668940714,0.6581425350106055,0.5671812722373755
0.14848087417782846,0.14848087417782846,0.9958087322150978,0.6564686926114757,0.5652631709123294
0.14980269636247867,0.14980269636247867,0.9938377490026723,0.6547860931468928,0.563336824835979
0.1511362858127615,0.1511362858127615,0.991840630849725,0.6530946945837934,0.5614022128858693
0.15248174728447728,0.15248174728447728,0.9898173953495267,0.6513944551236354,0.5594593145613109
0.15383918646599393,0.15383918646599393,0.987768064051946,0.6496853332224009,0.5575081100102232
0.1552087099865502,0.1552087099865502,0.9856926624182238,0.6479672876110689,0.5555485800564725
0.15659042542463034,0.15659042542463034,0.983591219774338,0.6462402773165605,0.5535807062277017
0.15798444131641584,0.15798444131641584,0.9814637692630028,0.6445042616831436,0.5516044707836333
0.15939086716430978,0.15939086716430978,0.9793103477943872,0.642759200394303,0.5496198567448407
0.16080981344553985,0.16080981344553985,0.9771309959955977,0.6410050534950584,0.5476268479219688
0.16224139162083537,0.16224139162083537,0.9749257581590077,0.6392417814147343,0.5456254289453968
0.16368571414318311,0.16368571414318311,0.9726946821894907,0.6374693449901676,0.5436155852953215
0.16514289446666133,0.16514289446666133,0.9704378195506279,0.6356877054893486,0.541597303332253
0.16661304705535046,0.16661304705535046,0.9681552252099642,0.6338968246354895,0.5395705703279028
0.1680962873923259,0.1680962873923259,0.9658469575833752,0.6320966646315058,0.5375353744964466
0.16959273198872815,0.16959273198872815,0.9635130784786242,0.6302871881849086,0.53549170502615
0.17110249839291608,0.17110249839291608,0.9611536530381749,0.6284683585330912,0.5334395521113309
0.17262570519969941,0.17262570519969941,0.9587687496813403,0.6266401394690071,0.5313789069846474
0.17416247205965588,0.17416247205965588,0.9563584400458313,0.6248024953672204,0.5293097619496846
0.17571291968852853,0.17571291968852853,0.9539227989287943,0.6229553912103266,0.5272321104138271
0.1772771698767096,0.1772771698767096,0.9514619042273984,0.6210987926157218,0.5251459469213885
0.17885534549880622,0.17885534549880622,0.9489758368790586,0.6192326658627185,0.5230512671869837
0.18044757052329274,0.18044757052329274,0.9464646808013696,0.6173569779199871,0.5209480681291161
0.18205397002224952,0.18205397002224952,0.9439285228318225,0.6154716964733138,0.5188363479039586
0.18367467018118597,0.18367467018118597,0.9413674526673906,0.6135767899536613,0.5167161059393085
0.18530979830895433,0.18530979830895433,0.9387815628040564,0.6116722275655153,0.5145873429686852
0.1869594828477485,0.1869594828477485,0.9361709484763607,0.6097579793155099,0.5124500610655542
0.18862385338319482,0.18862385338319482,0.9335357075970504,0.6078340160413032,0.5103042636776453
0.19030304065452971,0.19030304065452971,0.9308759406969106,0.6059003094407065,0.5081499556613467
0.19199717656487117,0.19199717656487117,0.9281917508648501,0.6039568321010336,0.5059871433161414
0.19370639419157828,0.19370639419157828,0.9254832436883281,0.6020035575286665,0.5038158344190687
0.19543082779670629,0.19543082779670629,0.9227505271941964,0.600040460178817,0.5016360382591756
0.19717061283755155,0.19717061283755155,0.9199937117900379,0.5980675154854675,0.4994477656719386
0.19892588597729355,0.19892588597729355,0.9172129102060769,0.5960846998914742,0.49725102907362306
0.20069678509572864,0.20069678509572864,0.9144082374377452,0.5940919908788191,0.49504584249555894
0.20248344930010126,0.20248344930010126,0.9115798106889756,0.5920893669989898,0.4928322216182986
0.2042860189360318,0.2042860189360318,0.9087277493162988,0.5900768079034702,0.49061018380563415
0.20610463559853937,0.20610463559853937,0.9058521747738306,0.5880542943743288,0.48837974813844676
0.20793944214316626,0.20793944214316626,0.9029532105592077,0.5860218083548817,0.4861409354483544
0.20979058269719755,0.20979058269719755,0.900030982160564,0.5839793329804167,0.4838937683511395
0.21165820267098448,0.21165820267098448,0.8970856170046041,0.5819268526089586,0.4816382712799168
0.21354244876936476,0.21354244876936476,0.8941172444058618,0.579864352852059,0.47937447051802695
0.21544346900318845,0.21544346900318845,0.8911259955171983,0.5777918206055912,0.47710239423161505
0.21736141270094253,0.21736141270094253,0.8881120032816243,0.5757092440805367,0.47482207250187697
0.21929643052048284,0.21929643052048284,0.885075402385498,0.5736166128337384,0.4725335373569378
0.22124867446086657,0.22124867446086657,0.8820163292131822,0.5715139177986108,0.47023682280334195
0.22321829787429406,0.22321829787429406,0.8789349218032041,0.569401151315782,0.46793196485711996
0.22520545547815307,0.22520545547815307,0.8758313198059987,0.5672783071636567,0.465619001574414
0.22721030336717296,0.22721030336717296,0.8727056644432821,0.5651453805888782,0.4632979730816262
0.2292329990256868,0.2292329990256868,0.8695580984691156,0.5630023683366712,0.46096892160506897
0.23127370134000055,0.23127370134000055,0.8663887661327203,0.5608492686810557,0.45863189150009154
0.2333325706108755,0.2333325706108755,0.8631978131430857,0.5586860814549027,0.456286929279651
0.23540976856611856,0.23540976856611856,0.8599853866354306,0.5565128080798296,0.45393408364231025
0.2375054583732879,0.2375054583732879,0.8567516351395549,0.5543294515959027,0.4515734054996303
0.2396198046525084,0.2396198046525084,0.8534967085501349,0.5521360166911463,0.4492049480029389
0.24175297348940453,0.24175297348940453,0.850220758098994,0.549932509730828,0.4468287665694443
0.2439051324481449,0.2439051324481449,0.8469239363293943,0.5477189387865158,0.44444491890767807
0.24607645058460662,0.24607645058460662,0.8436063970723774,0.5454953136648822,0.4420534650422353
0.24826709845965295,0.24826709845965295,0.8402682954251918,0.5432616459362485,0.43965446733779784
0.25047724815253314,0.25047724815253314,0.836909787731826,0.5410179489628446,0.4372479905224103
0.2527070732743979,0.2527070732743979,0.8335310315656824,0.5387642379267799,0.43483410170999387
0.2549567489819374,0.2549567489819374,0.830132185714404,0.5365005298577026,0.432412870422072
0.25722645199114114,0.25722645199114114,0.8267134101668697,0.5342268436601361,0.42998436860868827
0.25951636059117744,0.25951636059117744,0.8232748661023845,0.5319432001404827,0.4275486706685
0.2618266546584003,0.2618266546584003,0.8198167158820534,0.5296496220336717,0.4251058534680206
0.2641575156704772,0.2641575156704772,0.8163391230423656,0.527346134029452,0.4226559963600022
0.26650912672064614,0.26650912672064614,0.8128422522909715,0.5250327627983004,0.4201991812009271
0.26888167253209627,0.26888167253209627,0.8093262695046672,0.5227095370169511,0.41773549236760543
0.2712753394724803,0.2712753394724803,0.8057913417295627,0.5203764873935167,0.41526501677284594
0.27369031556855145,0.27369031556855145,0.8022376371834412,0.5180336466922046,0.41278784388019907
0.2761267905209359,0.2761267905209359,0.7986653252602784,0.5156810497576045,0.4103040657177424
0.27858495571903186,0.27858495571903186,0.7950745765369159,0.5133187335385465,0.40781377689090453
0.2810650042560454,0.2810650042560454,0.791465562781858,0.5109467371115111,0.4053170745943034
0.28356713094415675,0.28356713094415675,0.7878384569661697,0.508565101703587,0.4028140586225932
0.28609153232982376,0.28609153232982376,0.7841934332764442,0.5061738707149618,0.4003048313802998
0.2886384067092218,0.2886384067092218,0.7805306671298011,0.503773089740938,0.3977894978906345
0.29120795414381845,0.29120795414381845,0.776850335190888,0.5013628065934683,0.395268165803275
0.29380037647609064,0.29380037647609064,0.7731526153908276,0.49894307132219284,0.39274094540109855
0.2964158773453779,0.2964158773453779,0.7694376869480806,0.4965139362349799,0.39020794960585964
0.2990546622038805,0.2990546622038805,0.7657057303911571,0.4940754559179514,0.38766929398279715
0.3017169383327959,0.3017169383327959,0.7619569275831432,0.49162768725499484,0.3851250967441662
0.30440291485860344,0.30440291485860344,0.7581914617479643,0.48917068944674424,0.38257547875167863
0.3071128027694892,0.3071128027694892,0.7544095174983442,0.4867045240290312,0.3800205635178494
0.3098468149319219,0.3098468149319219,0.7506112808653802,0.48422925489079016,0.3774604772062341
0.3126051661073714,0.3126051661073714,0.7467969393296808,0.48174494829141956,0.37489534863055485
0.31538807296918114,0.31538807296918114,0.742966681853982,0.47925167287758086,0.3723253092527006
0.31819575411958617,0.31819575411958617,0.7391206989171835,0.47674949969944047,0.36975049317960124
0.32102843010688537,0.32102843010688537,0.735259182549718,0.47423850222633834,0.36717103715896265
0.32388632344276713,0.32388632344276713,0.7313823263701779,0.47171875636187943,0.36458708057385747
0.3267696586197857,0.3267696586197857,0.727490325623122,0.4691903404584449,0.3619987654361694
0.329678662128998,0.329678662128998,0.7235833772179732,0.4666533353311094,0.3594062363788769
0.33261356247775237,0.33261356247775237,0.719661679768927,0.46410782427096686,0.3568096406471803
0.33557459020764085,0.33557459020764085,0.715725433635775,0.4615538930578481,0.35420912808845595
0.338561977912606,0.338561977912606,0.7117748409655646,0.4589916299724337,0.35160485114104445
0.34157596025721404,0.34157596025721404,0.7078101057349908,0.45642112580774796,0.348996964821856
0.3446167739950857,0.3446167739950857,0.7038314337934409,0.4538424738800323,0.34638562671279804
0.3476846579874963,0.3476846579874963,0.6998390329065838,0.45125577003898854,0.3437709969460139
0.350779853222136,0.350779853222136,0.6958331128004206,0.44866111267738784,0.34115323818793225
0.35390260283204233,0.35390260283204233,0.6918138852056906,0.44605860274003595,0.3385325156221211
0.35705315211469674,0.35705315211469674,0.6877815639025417,0.4434483437320901,0.33590899693094384
0.36023174855129364,0.36023174855129364,0.6837363647653649,0.4408304417267196,0.33328285227601206
0.36343864182618213,0.36343864182618213,0.67967850580769,0.43820500537210144,0.33065425427743167
0.3666740838464762,0.3666740838464762,0.6756082072270567,0.43557214589774773,0.3280233779918418
0.3699383287618455,0.3699383287618455,0.6715256914497436,0.43293197712015086,0.3253904008892367
0.3732316329844765,0.3732316329844765,0.6674311831752762,0.43028461544774643,0.3227555028285754
0.3765542552092167,0.3765542552092167,0.6633249094205961,0.4276301798851773,0.32011886603216705
0.37990645643389304,0.37990645643389304,0.6592070995638132,0.4249687920368592,0.3174806750588375
0.38328849997981634,0.38328849997981634,0.6550779853874236,0.42230057610983074,0.3148411167758657
0.38670065151246286,0.38670065151246286,0.650937801120914,0.4196256589158865,0.3122003803296948
0.39014317906234575,0.39014317906234575,0.6467867834826421,0.4169441698729775,0.3095586571154072
0.39361635304606624,0.39361635304606624,0.6426251717209125,0.414256241005876,0.3069161407449678
0.3971204462875586,0.3971204462875586,0.638453207654139,0.4115620069460867,0.3042730270142259
0.40065573403951793,0.40065573403951793,0.6342711357100178,0.4088616049310046,0.30162951386868
0.40422249400502314,0.40422249400502314,0.6300792029636054,0.4061551748022978,0.2989858013679956
0.40782100635935215,0.40782100635935215,0.6258776591742224,0.40344285900351207,0.296342091649278
0.4114515537719872,0.4114515537719872,0.6216667568210951,0.4007248025768852,0.2936985888890982
0.41511442142882266,0.41511442142882266,0.6174467511376399,0.3980011531593543,0.29105549926426383
0.41880989705456306,0.41880989705456306,0.6132179001443238,0.39527206097775214,0.2884130309113409
0.42253827093532825,0.42253827093532825,0.6089804646799997,0.39253767884317103,0.2857713938849154
0.4262998359414521,0.4262998359414521,0.6047347084316571,0.3897981621444926,0.28313080011460207
0.43009488755049163,0.43009488755049163,0.600480897962492,0.3870536688410573,0.2804914633607885
0.4339237238704337,0.4339237238704337,0.5962193027382402,0.38430435945447505,0.27785359916912317
0.43778664566311554,0.43778664566311554,0.5919501951516813,0.38155039705954824,0.2752174248237356
0.44168395636784635,0.44168395636784635,0.587673850545266,0.37879194727430787,0.2725831592991984
0.445615962125247,0.445615962125247,0.5833905472317745,0.3760291782491347,0.26995102321121867
0.4495829718012943,0.4495829718012943,0.5791005665129667,0.3732622606549634,0.26732123876606967
0.45358529701158457,0.45358529701158457,0.5748041926961392,0.37049136767054475,0.264694029708753
0.4576232521458129,0.4576232521458129,0.5705017131085415,0.36771667496875615,0.2620696212698966
0.46169715439246584,0.46169715439246584,0.5661934181095967,0.3649383607019455,0.2594482401113891
0.4658073237637408,0.4658073237637408,0.5618796011008591,0.3621566054862884,0.25683011427074776
0.4699540831206798,0.4699540831206798,0.5575605585336728,0.35937159238514915,0.25421547310422676
0.4741377581985346,0.4741377581985346,0.5532365899144668,0.35658350689142204,0.2516045472286616
0.47835867763234985,0.47835867763234985,0.5489079978076545,0.35379253690884577,0.24899756846205967
0.482617172982782,0.482617172982782,0.5445750878360787,0.3509988727322644,0.246394769762931
0.4869135787621399,0.4869135787621399,0.5402381686789767,0.3482027070268301,0.24379638516837313
0.4912482324606655,0.4912482324606655,0.5358975520674095,0.34540423480611837,0.2412026497309043
0.4956214745730404,0.4956214745730404,0.5315535527771365,0.34260365340915294,0.23861379945405967
0.5000336486251342,0.5000336486251342,0.5272064886188867,0.3398011624763117,0.2360300712267487
0.5044851012009907,0.5044851012009907,0.5228566804260028,0.3369969639241038,0.23345170275638455
0.5089761819700482,0.5089761819700482,0.5185044520394329,0.3341912619188028,0.2308789325007947
0.5135072437146122,0.5135072437146122,0.5141501302900318,0.33138426284891226,0.22831199959891457
0.5180786423575617,0.5180786423575617,0.5097940449781625,0.32857617529645733,0.22575114380028344
0.5226907369903124,0.5226907369903124,0.5054365288505613,0.32576721000707626,0.2231966053933422
0.5273438899010195,0.5273438899010195,0.5010779175744628,0.32295757985890594,0.22064862513255565
0.5320384666030403,0.5320384666030403,0.496718549708952,0.3201474998302361,0.2181074441643613
0.5367748358636418,0.5367748358636418,0.49235876667354306,0.31733718696592667,0.21557330395196814
0.5415533697329722,0.5415533697329722,0.4879989127139593,0.31452686034256383,0.2130464461990114
0.5463744435732819,0.5463744435732819,0.48363933486511523,0.31171674103234875,0.21052711277208813
0.551238436088413,0.551238436088413,0.47928038291128133,0.30890705206569746,0.20801554562218266
0.5561457293535437,0.5561457293535437,0.4749224093434348,0.30609801839254475,0.20551198670500828
0.5610967088452019,0.5610967088452019,0.47056576931378435,0.30328986684233367,0.20301667790027925
0.5660917634715475,0.5660917634715475,0.46621082058746727,0.30048282608267884,0.2005298609299366
0.5711312856029178,0.5711312856029178,0.4618579234914254,0.2976771265766967,0.198051777275354
0.5762156711026529,0.5762156711026529,0.457507440860446,0.29487300053898086,0.19558266809354066
0.5813453193581873,0.5813453193581873,0.4531597379803898,0.29207068189022467,0.19312277413237577
0.586520633312427,0.586520633312427,0.448815182528589,0.28927040621046723,0.19067233564489242
0.5917420194953967,0.5917420194953967,0.4444741445114421,0.28647241069096596,0.1882315923026496
0.5970098880561783,0.5970098880561783,0.4401369961991954,0.2836769340846767,0.18580078310821316
0.6023246527951236,0.6023246527951236,0.4358041120579354,0.2808842166553423,0.18338014630678667
0.6076867311963647,0.6076867311963647,0.4314758686787902,0.278094500125174,0.180969919297017
0.6130965444606026,0.6130965444606026,0.4271526447043652,0.2753080276211298,0.1785703385410188
0.618554517538198,0.618554517538198,0.4228348207524142,0.27252504361977337,0.17618163947364582
0.6240610791625483,0.6240610791625483,0.418522779336774,0.2697457938907203,0.17380405641105603
0.6296166618837664,0.6296166618837664,0.4142169047855709,0.2669705254386606,0.1714378224586047
0.6352217021026613,0.6352217021026613,0.40991758315671933,0.2641994864439585,0.16908316941810847
0.6408766401050121,0.6408766401050121,0.4056252021507417,0.2614329262018318,0.16674032769452926
0.6465819200961599,0.6465819200961599,0.40134015102091464,0.25867109506010333,0.16440952620211371
0.6523379902358949,0.6523379902358949,0.3970628204807846,0.255914244355536,0.16209099227004634
0.6581453026736654,0.6581453026736654,0.3927936026090592,0.25316262634874365,0.15978495154765462
0.6640043135840901,0.6640043135840901,0.38853289075191777,0.250416494157692,0.1574916279092259
0.6699154832027961,0.6699154832027961,0.3842810794227537,0.24767610168978518,0.1552112433584798
0.6758792758625666,0.6758792758625666,0.3800385641993929,0.24494170357255385,0.1529440179327582
0.6818961600298196,0.6818961600298196,0.3758057416188054,0.24221355508294407,0.15069016960698015
0.6879666083414022,0.6879666083414022,0.3715830090693574,0.2394919120752243,0.14844991419742706
0.694091097641722,0.694091097641722,0.3673707646806242,0.2367770309075144,0.14622346526540914
0.7002701090201993,0.7002701090201993,0.36316940721081403,0.2340691683669552,0.14401103402088106
0.7065041278490596,0.7065041278490596,0.3589793359318291,0.23136858159352722,0.1418128292260625
0.7127936438214628,0.7127936438214628,0.3548009505120094,0.2286755280025355,0.1396290570991307
0.7191391509899643,0.7191391509899643,0.3506346508966041,0.2259902652057818,0.13745992121805134
0.7255411478053293,0.7255411478053293,0.3464808371860035,0.22331305093143322,0.13530562242460908
0.7320001371556814,0.7320001371556814,0.3423399095117895,0.22064414294261808,0.13316635872871346
0.7385166264060111,0.7385166264060111,0.33821226791063935,0.21798379895476078,0.13104232521304132
0.7450911274380246,0.7450911274380246,0.3340983121961438,0.21533227655168785,0.12893371393809516
0.7517241566903584,0.7517241566903584,0.32999844182857846,0.21268983310052209,0.1268407138477417
0.7584162351991408,0.7584162351991408,0.3259130557826939,0.21005672566539876,0.12476351067531145
0.7651678886389266,0.7651678886389266,0.32184255241356663,0.20743321092002512,0.12270228685032683
0.7719796473639827,0.7719796473639827,0.3177873293205815,0.20481954505912126,0.12065722140594232
0.7788520464499556,0.7788520464499556,0.31374778320959107,0.20221598370876492,0.11862848988716568
0.7857856257358965,0.7857856257358965,0.309724309753327,0.19962278183568372,0.11661626425994608
0.7927809298666688,0.7927809298666688,0.3057173034501163,0.1970401936555219,0.11462071282120168
0.7998385083357339,0.7998385083357339,0.3017271574809716,0.19446847254012195,0.11264200010986919
0.8069589155283086,0.8069589155283086,0.2977542635651304,0.19190787092386358,0.11068028681905866
0.8141427107649202,0.8141427107649202,0.2937990118140988,0.18935864020909188,0.1087357297093881
0.8213904583453349,0.8213904583453349,0.289861790584291,0.18682103067068861,0.10680848152358863
0.8287027275928917,0.8287027275928917,0.2859429863283208,0.18429529135981904,0.10489869090245402
0.8360800928992166,0.8360800928992166,0.28204298344504,0.18178167000691137,0.10300650230222617
0.8435231337693493,0.8435231337693493,0.27816216412838773,0.1792804129239071,0.10113205591349157
0.8510324348672571,0.8510324348672571,0.2743009082151473,0.17679176490584067,0.09927548758168094
0.8586085860617684,0.8586085860617684,0.27045959303168143,0.1743159691317916,0.0974369287292482
0.8662521824729009,0.8662521824729009,0.26663859323974676,0.17185326706527052,0.09561650627961985
0.8739638245186166,0.8739638245186166,0.2628382806814625,0.169403898354086,0.0938143425829922
0.8817441179619789,0.8817441179619789,0.2590590242235399,0.16696810072975743,0.092030555344067
0.8895936739587397,0.8895936739587397,0.25530118960085413,0.16454610990652457,0.09026525755180344
0.897513109105349,0.897513109105349,0.2515651392594619,0.16213815948001892,0.08851855741127264
0.9055030454873834,0.9055030454873834,0.24785123219916533,0.15974448082565945,0.08679055827769949
0.9135641107284196,0.9135641107284196,0.24415982381571566,0.1573653029968309,0.08508135859276866
0.9216969380393276,0.9216969380393276,0.2404912657427717,0.1550008526229182,0.08339105182328335
0.9299021662680181,0.9299021662680181,0.23684590569370678,0.15265135380725506,0.08171972640225093
0.9381804399496179,0.9381804399496179,0.23322408730338576,0.15031702802506405,0.08006746567248198
0.9465324093571059,0.9465324093571059,0.22962614997000888,0.14799809402145003,0.07843434783277514
0.954958730552387,0.954958730552387,0.22605242869714978,0.1456947677095269,0.07682044588677224
0.9634600654378336,0.9634600654378336,0.2225032539360882,0.14340726206874235,0.07522582759455318
0.9720370818082713,0.9720370818082713,0.21897895142856896,0.14113578704348406,0.07365055542705289
0.980690453403444,0.980690453403444,0.21547984205009257,0.13888054944203476,0.0720946865233665
0.98942085996093,0.98942085996093,0.2120062416538712,0.13664175283596158,0.07055827265102123
0.9982289872695392,0.9982289872695392,0.20855846091556413,0.13441959746001245,0.06904136016928018
1.0071155272231858,1.0071155272231858,0.2051368051789203,0.13221428011260142,0.06754398999554764
1.0160811778752363,1.0160811778752363,0.20174157430245757,0.13002599405696594,0.06606619757494271
1.0251266434933355,1.0251266434933355,0.19837306250730685,0.1278549289230782,0.06460801285310512
1.034252634614741,1.034252634614741,0.19503155822634136,0.12570127061038744,0.06316946025229042
1.0434598681021274,1.0434598681021274,0.19171734395473924,0.12356520119148903,0.06175055865082024
1.052749067199904,1.052749067199904,0.1884306961020971,0.12144689881679485,0.060351321365937995
1.0621209615910154,1.0621209615910154,0.18517188484624184,0.11934653762030047,0.05897175614012829
1.071576287454274,1.071576287454274,0.18194117398885976,0.1172642876265254,0.05761186513094462
1.0811157875221793,1.0811157875221793,0.17873882081309755,0.1152003146587253,0.05627164490440003
1.0907402111392646,1.0907402111392646,0.17556507594325887,0.11315478024845636,0.05495108643196015
1.1004503143209516,1.1004503143209516,0.1724201832067432,0.11112784154658625,0.053650175091182827
1.1102468598129485,1.1102468598129485,0.16930437949835603,0.10911965123583368,0.052368890670038803
1.12013061715116,1.12013061715116,0.16621789464713946,0.1071303574449339,0.051107207374951655
1.1301023627221278,1.1301023627221278,0.16316095128586097,0.10516010366451786,0.04986509384258689
1.1401628798240309,1.1401628798240309,0.1601337647232895,0.10320902866478837,0.048642513155413264
1.1503129587282064,1.1503129587282064,0.15713654281941428,0.10127726641509358,0.04743942286106555
1.1605533967412311,1.1605533967412311,0.15416948586373425,0.0993649460054799,0.0462557749955235
1.1708849982675416,1.1708849982675416,0.15123278645676552,0.09747219157031961,0.04509151611012517
1.181308574872636,1.181308574872636,0.14832662939489463,0.09559912221409464,0.04394658730242135
1.191824945346815,1.191824945346815,0.14545119155872915,0.09374585193943542,0.04282092425088349
1.2024349357695034,1.2024349357695034,0.14260664180507343,0.09191248957749593,0.04171445725346309
1.21313937957413,1.21313937957413,0.139793140862672,0.09009913872075762,0.04062711127000354
1.2239391176136112,1.2239391176136112,0.1370108412318456,0.08830589765834204,0.03955880596849396
1.2348349982263929,1.2348349982263929,0.13425988708816727,0.08653285931392782,0.03850945577515898
1.2458278773030822,1.2458278773030822,0.13154041419030285,0.08478011118635147,0.037478969928365885
1.2569186183536938,1.2569186183536938,0.12885254979214134,0.08304773529297355,0.036467252536327266
1.26810809257547,1.26810809257547,0.12619641255935515,0.0813358081158998,0.03547420263857775
1.279397178921321,1.279397178921321,0.1235721124905062,0.0796444005511322,0.03449971427119171
1.2907867641688562,1.2907867641688562,0.12097975084282915,0.07797357786073482,0.03354367653570956
1.3022777429900587,1.3022777429900587,0.1184194200628023,0.07632339962808522,0.03260597367172931
1.3138710180215531,1.3138710180215531,0.11589120372163628,0.07469391971629565,0.031686485133123304
1.325567499935514,1.325567499935514,0.11339517645578745,0.07308518622987267,0.030785085667827207
1.33736810751119,1.33736810751119,0.11093140391261222,0.07149724147969033,0.029901645401149184
1.3492737677070925,1.3492737677070925,0.10849994270126333,0.0699301219513418,0.029036029922536608
1.3612854157337981,1.3612854157337981,0.10610084034894329,0.06838385827694393,0.028188100375740408
1.373403995127417,1.373403995127417,0.10373413526260632,0.06685847521045335,0.02735771355230439
1.3856304578236982,1.3856304578236982,0.10139985669621172,0.06535399160656066,0.02654472198830796
1.397965764232823,1.397965764232823,0.09909802472361214,0.06387042040321639,0.02574897406428044
1.4104108833148372,1.4104108833148372,0.09682865021717522,0.062407768607852236,0.024970314108207027
1.4229667926557579,1.4229667926557579,0.0945917348322144,0.06096603728734641,0.02420858250153626
1.43563447854438,1.43563447854438,0.09238727099730401,0.059545221561781526,0.023463615788094524
1.4484149360497403,1.4484149360497403,0.09021524191055928,0.05814531060204703,0.022735246785813557
1.461309169099288,1.461309169099288,0.08807562154194093,0.05676628763132441,0.02202330470116599
1.474318190557733,1.474318190557733,0.08596837464165134,0.0554081299304988,0.021327615246204825
1.4874430223066246,1.4874430223066246,0.08389345675466986,0.05407080884752717,0.020648000758093397
1.500684695324613,1.500684695324613,0.08185081424148699,0.05275428981080184,0.019984280321014368
1.5140442497684374,1.5140442497684374,0.0798403843050723,0.05145853234653181,0.019336269890336513
1.5275227350546228,1.5275227350546228,0.07786209502411937,0.0501834901001697,0.018703782418918135
1.5411212099419296,1.5411212099419296,0.07591586539259007,0.048929110861898745,0.018086627985418668
1.554840742614513,1.554840742614513,0.0740016053655914,0.04769533659620115,0.01748461392449106
1.5686824107658213,1.5686824107658213,0.07211921591159606,0.04648210347551525,0.01689754495872017
1.5826473016832687,1.5826473016832687,0.07026858907101445,0.04528934191798617,0.016325223332169375
1.5967365123336321,1.5967365123336321,0.0684496080211269,0.04411697662931575,0.015767448945398308
1.6109511494492252,1.6109511494492252,0.06666214714736585,0.0429649266487052,0.015224019491806904
1.6252923296148218,1.6252923296148218,0.0649060721209403,0.041833105398885434,0.01469473059516223
1.639761179355385,1.639761179355385,0.06318123998277561,0.04072142074021769,0.014179375948158383
1.6543588352245444,1.6543588352245444,0.061487499233749986,0.03962977502885259,0.013677747451862114
1.6690864438938817,1.6690864438938817,0.05982468993118562,0.03855806517892035,0.0131896353558904
1.6839451622429893,1.6839451622429893,0.05819264379155572,0.037506182728727286,0.012714828399167728
1.698936157450366,1.698936157450366,0.05659118429935061,0.03647401391092189,0.012253113951106323
1.7140606070850881,1.7140606070850881,0.055020126822051096,0.03546143972659724,0.011804278153054959
1.7293196991993145,1.7293196991993145,0.053479278731136067,0.03446833602328249,0.01136810605985766
1.7447146324215987,1.7447146324215987,0.05196843952905318,0.03349457357677772,0.01094438178136495
1.7602466160510621,1.7602466160510621,0.05048740098206426,0.03254001817677516,0.01053288862373801
1.775916870152378,1.775916870152378,0.04903594725887941,0.03160453071621125,0.010133409230388475
1.7917266256515967,1.7917266256515967,0.04761385507497865,0.03068796728428454,0.009745725722394578
1.8076771244328609,1.8076771244328609,0.04622089384250876,0.02979017926306682,0.009369619838234297
1.8237696194359418,1.8237696194359418,0.04485682582564739,0.028911013427637983,0.009004873072679722
1.840005374754668,1.840005374754668,0.04352140630130431,0.028050312049660908,0.008651266814694414
1.856385665736207,1.856385665736207,0.04221438372503279,0.027207913004314133,0.008308582484179164
1.872911779081268,1.872911779081268,0.04093549990200612,0.02638364988048933,0.007976601667410835
1.88958501294516,1.88958501294516,0.03968449016291835,0.02557735209416239,0.007655106251023684
1.9064066770397718,1.9064066770397718,0.038461083544649506,0.024788845004835344,0.007343878554381554
1.9233780927364372,1.9233780927364372,0.03726500297553634,0.024017950034946584,0.007042701460194075
1.940500593169753,1.940500593169753,0.03609596546507441,0.023264484792137254,0.006751358543230476
1.9577755233422884,1.9577755233422884,0.03495368229787977,0.022528263194262908,0.006469634196990002
1.9752042402302252,1.9752042402302252,0.03383785923172392,0.021809095597030585,0.006197313758189132
1.9927881128899745,1.9927881128899745,0.032748196699448666,0.021106788924136408,0.005934183628929392
2.0105285225657026,2.0105285225657026,0.031684390014568874,0.020421146799780257,0.005680031396415008
2.0284268627978386,2.0284268627978386,0.030646129580354963,0.019751969683423062,0.00543464595009136
2.0464845395325213,2.0464845395325213,0.029633101102188537,0.019099055006653768,0.0051978175960812325
2.064702971232066,2.064702971232066,0.02864498580297129,0.018462197312024142,0.0049693381687986714
2.0830835889863693,2.0830835889863693,0.02768146064137116,0.017841188393712293,0.004749001139627004
2.101627836625332,2.101627836625332,0.026742198532675086,0.01723581743986612,0.00453660172255057
2.120337170832258,2.120337170832258,0.025826868572019754,0.016645871176479487,0.004331936976636192
2.139213061258304,2.139213061258304,0.024935136259760703,0.016071134012646565,0.0041348059052647166
2.158256990637908,2.158256990637908,0.024066663728743616,0.015511388187042164,0.003945009552019917
2.1774704549052672,2.1774704549052672,0.023221109973230195,0.014966413915468513,0.0037623510931462834
2.1968549633118295,2.1968549633118295,0.022398131079232938,0.014435989539310063,0.003586635926494451
2.2164120385448753,2.2164120385448753,0.021597380456004622,0.01391989167473252,0.0034176717568777217
2.2361432168471125,2.2361432168471125,0.02081850906843233,0.01341789536246491,0.003255268677771098
2.2560500481373387,2.2560500481373387,0.02006116567007777,0.012929774217998135,0.0030992392492891698
2.2761340961322154,2.2761340961322154,0.01932499703660415,0.012455300582032734,0.002949398572385906
2.2963969384690857,2.2963969384690857,0.01860964819933282,0.011994245671010212,0.002805564359226988
2.3168401668299063,2.3168401668299063,0.017914762678666298,0.011546379727558313,0.0026675569996906694
2.3374653870662607,2.3374653870662607,0.017239982717117637,0.011111472170682538,0.002535199623960902
2.3582742193255286,2.3582742193255286,0.016584949511681813,0.010689291745533598,0.0024083181611823704
2.379268298178132,2.379268298178132,0.015949303445290584,0.010279606672584127,0.0022867413941550373
2.400449272745945,2.400449272745945,0.015332684317087312,0.009882184796044873,0.0021703010100515346
2.421818806831814,2.421818806831814,0.014734731571263534,0.00949679373135389,0.002058831647148472
2.443378579050282,2.443378579050282,0.014155084524197007,0.009123201011570999,0.001952170937568783
2.4651302829594344,2.4651302829594344,0.013593382589637524,0.008761174232514008,0.0018501595460400277
2.487075627193911,2.487075627193911,0.013049265501685748,0.008410481196472508,0.0017526412046795835
2.5092163355991577,2.5092163355991577,0.012522373535313172,0.008070890054336846,0.0016594627438243986
2.5315541473668137,2.5315541473668137,0.012012347724178855,0.007742169445984852,0.0015704741189303559
2.55409081717134,2.55409081717134,0.011518830075497566,0.007424088638768147,0.001485528433571923
2.5768281153078307,2.5768281153078307,0.01104146378172226,0.007116417663945209,0.0014044819585799053
2.599767827831106,2.599767827831106,0.010579893428805174,0.006818927450909324,0.0013271941473608176
2.6229117566959843,2.6229117566959843,0.010133765200811592,0.006531389959065748,0.0012535276474482918
2.6462617198988463,2.6462617198988463,0.00970272708066151,0.006253578307213251,0.001183348308342169
2.669819551620414,2.669819551620414,0.009286429046784481,0.0059852669002916185,0.0011165251856973999
2.693587102369865,2.693587102369865,0.008884523265475952,0.005726231553358696,0.0010529305419299073
2.71756623913017,2.71756623913017,0.008496664278754517,0.005476249612667697,0.0009924398433126952
2.7417588455047595,2.7417588455047595,0.00812250918752339,0.005235100073717988,0.0009349317536400688
2.766166821865461,2.766166821865461,0.0077617178298496955,0.005002563696159238,0.0008802881245432811
2.790792085501811,2.790792085501811,0.007413952954181174,0.004778423115432616,0.0008283939825452758
2.815636570771644,2.815636570771644,0.007078880387331352,0.004562462951040211,0.0007791375129471646
2.840702229253023,2.840702229253023,0.006756169197070815,0.004354469911337946,0.0007324100406429285
2.8659910298975726,2.8659910298975726,0.006445491849171491,0.004154232894753399,0.000688106007962849
2.8915049591851227,2.8915049591851227,0.006146524358762713,0.003961543087337435,0.0006461229496501442
2.9172460212797597,2.9172460212797597,0.005858946435864776,0.0037761940565631535,0.0006063614650783168
2.943216238187235,2.943216238187235,0.005582441624977989,0.003597981841293483,0.000568725187820098
2.969417649913831,2.969417649913831,0.005316697438613709,0.003426705037844282,0.0005331207526814154
2.995852314626586,2.995852314626586,0.0050614054846665054,0.0032621648820779442,0.0004994577603166447
3.022522308814975,3.022522308814975,0.004816261587535314,0.0031041653274681055,0.0004676487395432456
3.049429727454001,3.049429727454001,0.004580965902913793,0.0029525131190840568,0.0004376091074760148
3.076576684168794,3.076576684168794,0.0043552230261797815,0.002807017863449649,0.00040925712760253027
3.103965311400621,3.103965311400621,0.004138742094326637,0.0026674920942398412,0.0003825138659228509
3.1315977605743766,3.1315977605743766,0.003931236881389034,0.0025337513337842987,0.00035730314527727025
3.1594762022676153,3.1594762022676153,0.003732425887327153,0.002405614150354821,0.00033355149798655316
3.1876028263810317,3.1876028263810317,0.003542032420345866,0.0022829022112215063,0.00031118811692956
3.2159798423104937,3.2159798423104937,0.003359784672635129,0.002165440331468764,0.0002901448051829484
3.2446094791205673,3.2446094791205673,0.003185415789530507,0.0020530565185704914,0.00027035592434750355
3.273493985719653,3.273493985719653,0.003018663932102658,0.0019455820127300969,0.00025175834168489916
3.3026356310366154,3.3026356310366154,0.002859272333197412,0.0018428513229993158,0.00023429137618797964
3.332036704199026,3.332036704199026,0.0027069893469575585,0.0017447022591958767,0.00021789674370630038
3.3616995147129494,3.3616995147129494,0.0025615684918695956,0.0016509759596478857,0.00020251850124735065
3.3916263926443997,3.3916263926443997,0.002422768487388359,0.0015615169147990444,0.0001881029905720321
3.421819688802354,3.421819688802354,0.0022903532842042645,0.001476172986716422,0.0001745987812011538
3.4522817749233874,3.4522817749233874,0.002164092088227366,0.001394795424548601,0.00016195661294735007
3.483015043858022,3.483015043858022,0.002043759378372424,0.0013172388759884674,0.0001501293380843998
3.5140219097586605,3.5140219097586605,0.001929134918240104,0.0012433613948019473,0.00013907186326332521
3.5453048082692358,3.5453048082692358,0.0018200037617976902,0.00117302444448933,0.00012874109128166
3.576866196716507,3.576866196716507,0.001716156253172938,0.0011060928981523992,0.00011909586280926476
3.60870855430313,3.60870855430313,0.0016173880206827294,0.0010424350346457968,0.0001100968981707333
3.6408343823023746,3.6408343823023746,0.0015234999652276949,0.0009819225310971546,0.0001017067392810896
3.6732462042546175,3.6732462042546175,0.0014342982431912305,0.0009244304518852069,9.38896918277826e-05
3.7059465661655415,3.7059465661655415,0.0013495942439897234,0.0008698372341705187,8.661176778833481e-05
3.7389380367061755,3.7389380367061755,0.0012692045624275669,0.0008180246700778053,7.984062836907568e-05
3.7722232074146342,3.7722232074146342,0.0011929509660181916,0.0007688778856337608,7.35455274465007e-05
3.805804692899707,3.805804692899707,0.0011206603574380057,0.0007222853165679646,6.769725558866461e-05
3.839685131046207,3.839685131046207,0.0010521647322867308,0.000678138681088672,6.226808472992816e-05
3.873867183222229,3.873867183222229,0.000987301132332584,0.0006363329497485139,5.723171356813285e-05
3.9083535344881812,3.9083535344881812,0.0009259115944263951,0.0005967663125187451,5.256321374907382e-05
3.943146893807677,3.943146893807677,0.0008678430952727428,0.0005593401431932699,4.8238976898813045e-05
3.9782499942603766,3.9782499942603766,0.000812947492250308,0.0005239589612463195,4.4236662560078844e-05
4.013665593256645,4.013665593256645,0.0007610814604774724,0.0004905303912701222,4.053514708471504e-05
4.049396472754166,4.049396472754166,0.000712106426321731,0.0004589651201205505,3.711447352980609e-05
4.085445439476437,4.085445439476437,0.0006658884975542826,0.0004291768519005258,3.395580260085905e-05
4.121815325133292,4.121815325133292,0.0006222983903528083,0.0004010822609120245,3.104136468115699e-05
4.1585089866433025,4.1585089866433025,0.0005812113533572819,0.00037460094270871225,2.8354412982243496e-05
4.195529306358217,4.195529306358217,0.0005425070889841287,0.0003496553633815345,2.58791778463368e-05
4.23287919228933,4.23287919228933,0.000506069672204811,0.0003261708072100861,2.3600822227447133e-05
4.270561578335971,4.270561578335971,0.0004717874669944818,0.00030407532281229844,2.150539837397965e-05
4.30857942451594,4.30857942451594,0.00043955304065611056,0.0002832996679248317,1.957980573175853e-05
4.346935717197994,4.346935717197994,0.00040926307622411566,0.00026377725294567404,1.7811750082621377e-05
4.385633469336485,4.385633469336485,0.0003808182831499885,0.0002454440833694559,1.6189703930085314e-05
4.424675720707998,4.424675720707998,0.0003541233064705888,0.00022823870124481763,1.4702868140067017e-05
4.46406553815015,4.46406553815015,0.00032908663465700764,0.00021210212578138057,1.3341134841225216e-05
4.503806015802455,4.503806015802455,0.00030562050633920965,0.00019697779323213824,1.2095051586242436e-05
4.543900275349434,4.543900275349434,0.00028364081609812006,0.00018281149617479863,1.0955786772234188e-05
4.584351466265788,4.584351466265788,0.0002630670195132976,0.000169551322313339,9.915096315513818e-06
4.6251627660638155,4.6251627660638155,0.0002438220376500127,0.0001571475929182476,8.965291573110941e-06
4.666337380542974,4.666337380542974,0.0002258321611651893,0.00014555280102111559,8.099208500786767e-06
4.707878544041759,4.707878544041759,0.00020902695420671512,0.00013472154947605222,7.310178034779695e-06
4.749789519691724,4.749789519691724,0.00019333915827564048,0.0001246104889971803,6.591997682179061e-06
4.792073599673831,4.792073599673831,0.00017870459621515682,0.00011517825627784393,5.938904302637169e-06
4.834734105477013,4.834734105477013,0.00016506207648465875,0.00010638541229355709,5.3455480621181534e-06
4.877774388159144,4.877774388159144,0.00015235329787109824,9.81943808867952e-05,4.8069675375222765e-06
4.921197828610245,4.921197828610245,0.00014052275478377378,9.056938772782034e-05,4.318565949337697e-06
4.965007837818018,4.965007837818018,0.00012951764327218828,8.347639974153745e-05,3.8760884979346315e-06
5.009207857135854,5.009207857135854,0.00011928776790004298,7.688306508614473e-05,3.4756007777439325e-06
5.053801358553119,5.053801358553119,0.00010978544960178682,7.07586537650588e-05,3.1134682423471727e-06
5.098791844967895,5.098791844967895,0.00010096543464118687,6.507399894911157e-05,2.786336692435687e-06
5.1441828504621085,5.1441828504621085,9.278480478449897e-05,5.980143908157826e-05,2.4911137576819373e-06
5.189977940579194,5.189977940579194,8.520288879373897e-05,5.491476083403371e-05,2.2249513427920853e-06
5.236180712604134,5.236180712604134,7.818117533853433e-05,5.0389142976508516e-05,1.9852290073784534e-06
5.282794795846056,5.282794795846056,7.168322741786838e-05,4.620110122079753e-05,1.7695382487900353e-06
5.329823851923273,5.329823851923273,6.567459837596859e-05,4.2328434091222425e-05,1.5756676566726481e-06
5.377271575050978,5.377271575050978,6.012274958946003e-05,3.87501698725538e-05,1.4015889077833983e-06
5.4251416923314,5.4251416923314,5.499696989591283e-05,3.544651468029259e-05,1.2454435694586691e-06
5.473437964046538,5.473437964046538,5.026829682689358e-05,3.239880169398584e-05,1.1055306801170286e-06
5.522164183953607,5.522164183953607,4.590943970174255e-05,2.9589441589813145e-05,9.80295075267625e-07
5.571324179582996,5.571324179582996,4.1894704631548614e-05,2.7001874204329045e-05,8.683164276827563e-07
5.620921812538955,5.620921812538955,3.819992147609042e-05,2.462052145692651e-05,7.682989706711076e-07
5.670960978802881,5.670960978802881,3.480237279003301e-05,2.2430741554410593e-05,6.79061873753209e-07
5.721445609039426,5.721445609039426,3.168072478828659e-05,2.0418784496957623e-05,5.995302404824893e-07
5.772379668905208,5.772379668905208,2.8814960354289916e-05,1.857174890077521e-05,5.28726698670444e-07
5.8237671593603455,5.8237671593603455,2.61863141089647e-05,1.6877540148901028e-05,4.657635538529484e-07
5.875612116982696,5.875612116982696,2.3777209552330857e-05,1.5324829877867947e-05,4.0983547747330166e-07
5.927918614285001,5.927918614285001,2.1571198284189887e-05,1.3903016804365127e-05,3.60212701947151e-07
5.980690760034746,5.980690760034746,1.9552901304972163e-05,1.260218889260143e-05,3.1623469551083737e-07
6.033932699576937,6.033932699576937,1.7707952392724494e-05,1.1413086859777675e-05,2.7730429052980447e-07
6.087648615159668,6.087648615159668,1.6022943547380137e-05,1.0327069013958857e-05,2.428822397534662e-07
6.141842726262725,6.141842726262725,1.4485372488841061e-05,9.336077415664479e-06,2.1248217584013848e-07
6.196519289928996,6.196519289928996,1.3083592191079897e-05,8.432605351709396e-06,1.8566595033609904e-07
6.251682601098828,6.251682601098828,1.1806762430378658e-05,7.609666107191227e-06,1.620393291700914e-07
6.307336992947481,6.307336992947481,1.0644803322014359e-05,6.860763019066809e-06,1.4124802261467277e-07
6.363486837225452,6.363486837225452,9.588350816168174e-06,6.1798607924826554e-06,1.229740285637361e-07
6.420136544601913,6.420136544601913,8.628714120550267e-06,5.5613580589075915e-06,1.0693226887651556e-07
6.477290565011127,6.477290565011127,7.757835014237058e-06,5.000061153185056e-06,9.286749943902394e-08
6.5349533880020685,6.5349533880020685,6.968249014472143e-06,4.4911590848530965e-06,8.055147548972599e-08
6.593129543091039,6.593129543091039,6.2530483557173466e-06,4.0301996774914404e-06,6.9780354644348e-08
6.6518236001174955,6.6518236001174955,5.605846738018852e-06,3.613066848423276e-06,6.037232093133189e-08
6.711040169602962,6.711040169602962,5.020745799802485e-06,3.2359589998419538e-06,5.216541401215444e-08
6.770783903113278,6.770783903113278,4.492303268500045e-06,2.895368491329321e-06,4.501554860650738e-08
6.831059493623946,6.831059493623946,4.015502740951526e-06,2.5880621627932853e-06,3.879470996919861e-08
6.891871675888731,6.891871675888731,3.5857250442971303e-06,2.311062876058863e-06,3.338931207118902e-08
6.953225226811664,6.953225226811664,3.1987211270768437e-06,2.0616320427049134e-06,2.869870591992636e-08
7.01512496582223,7.01512496582223,2.8505864294813583e-06,1.8372531052399481e-06,2.4633826212433942e-08
7.077575755253958,7.077575755253958,2.5377366811291774e-06,1.6356159383436763e-06,2.1115965247138933e-08
7.14058250072632,7.14058250072632,2.2568850743837044e-06,1.454602136668268e-06,1.8075663726277807e-08
7.204150151530154,7.204150151530154,2.005020761050873e-06,1.2922711555816626e-06,1.5451708758979513e-08
7.268283701016386,7.268283701016386,1.7793886203098788e-06,1.1468472712429755e-06,1.3190230025302752e-08
7.332988186988295,7.332988186988295,1.5774702459083597e-06,1.01670732651529e-06,1.1243885683104912e-08
7.398268692097185,7.398268692097185,1.3969661009961018e-06,9.003692294420275e-07,9.571130192544251e-09
7.464130344241717,7.464130344241717,1.2357787894601853e-06,7.964811713281319e-07,8.135556797150515e-09
7.530578316970663,7.530578316970663,1.091997393254621e-06,7.038115318734634e-07,6.9053079359332934e-09
7.597617829889326,7.597617829889326,9.63882825971267e-07,6.212394392915732e-07,5.852547368142832e-09
7.665254149069485,7.665254149069485,8.498541537717045e-07,5.477459539096369e-07,4.9529882715089146e-09
7.733492587463148,7.733492587463148,7.484758357753825e-07,4.824058443741286e-07,4.185472026534095e-09
7.802338505319851,7.802338505319851,6.584458370715933e-07,4.243799262779073e-07,3.5315928243566072e-09
7.871797310607659,7.871797310607659,5.785845686768259e-07,3.7290793376814754e-07,2.9753636345033534e-09
7.941874459438075,7.941874459438075,5.078246099876908e-07,3.2730189548643256e-07,2.5029194423302715e-09
8.01257545649456,8.01257545649456,4.45201170572052e-07,2.8693998702532984e-07,2.102254014937133e-09
8.08390585546497,8.08390585546497,3.898432494859992e-07,2.51260832952642e-07,1.7629867797347021e-09
8.155871259477737,8.155871259477737,3.40965451695013e-07,2.1975823235087103e-07,1.4761567025946867e-09
8.228477321542108,8.228477321542108,2.9786042260296013e-07,1.9197628273805352e-07,1.234040333585431e-09
8.301729744992134,8.301729744992134,2.598918631457533e-07,1.675048781727365e-07,1.029991448696063e-09
8.375634283934707,8.375634283934707,2.264880893776776e-07,1.4597555829405603e-07,8.582999566783263e-10
8.450196743701486,8.450196743701486,1.9713610196168182e-07,1.2705768600389233e-07,7.140679622135453e-10
8.525422981305026,8.525422981305026,1.7137613246179565e-07,1.1045493245638347e-07,5.931010810477906e-10
8.601318905898792,8.601318905898792,1.487966348207409e-07,9.59020489771291e-08,4.918132905432094e-10
8.677890479241299,8.677890479241299,1.2902969188151418e-07,8.316190648553563e-08,4.071437712526232e-10
8.755143716164508,8.755143716164508,1.1174680827338974e-07,7.202278393582769e-08,3.3648435261513476e-10
8.833084685046234,8.833084685046234,9.665506242496517e-08,6.229588822175707e-08,2.776163196384845e-10
8.911719508286877,8.911719508286877,8.349359188449752e-08,5.3813088903724196e-08,2.2865546839934257e-10
8.991054362790257,8.991054362790257,7.20303875172742e-08,4.6424852012582787e-08,1.880044172477296e-10
9.071095480448934,9.071095480448934,6.205937350674145e-08,3.999835805899466e-08,1.5431128860055892e-10
9.151849148633673,9.151849148633673,5.339775140784546e-08,3.4415790229080816e-08,1.2643397397488688e-10
9.233321710687353,9.233321710687353,4.5883587784155455e-08,2.957277957410575e-08,1.0340928322581522e-10
9.315519566423173,9.315519566423173,3.937362620284665e-08,2.5376994802749612e-08,8.44263585642616e-11
9.39844917262749,9.39844917262749,3.374130556121444e-08,2.1746865057682185e-08,6.88038055416426e-11
9.482117043566944,9.482117043566944,2.887496787366576e-08,1.86104248027478e-08,5.5970057469921114e-11
9.566529751500118,9.566529751500118,2.46762397576333e-08,1.5904270662161913e-08,4.544654732403998e-11
9.651693927193907,9.651693927193907,2.1058572919848554e-08,1.3572620738236295e-08,3.6833312639259365e-11
9.737616260444302,9.737616260444302,1.7945929960258708e-08,1.156646758888233e-08,2.979670481917252e-11
9.824303500601927,9.824303500601927,1.5271602779239178e-08,9.842816670271281e-09,2.405891512461662e-11
9.91176245710213,9.91176245710213,1.2977151794761293e-08,8.364002643636129e-09,1.9389065896902345e-11
10.0,10.0,1.101145504997282e-08,7.097076508377791e-09,1.5595647722557407e-11
